"metric","full_aic","baseline_aic","delta_aic","full_dev_explained","baseline_dev_explained","baseline_converged","interpretation"
"fish_activity",33450.1936652658,34477.0085980322,1026.81493276639,0.552809502929137,0.514876917912005,TRUE,"Strong evidence indices add value"
"fish_richness",22334.2203922831,22838.8078054495,504.587413166413,0.514423809190422,0.473188601717625,TRUE,"Strong evidence indices add value"
"fish_presence",9076.90283663108,9984.77904571862,907.876209087541,0.494453007872963,0.440305416419705,TRUE,"Strong evidence indices add value"
"dolphin_burst_pulse",8046.09998554764,8264.9917598516,218.891774303962,0.267069190042444,0.147390131940574,TRUE,"Strong evidence indices add value"
"dolphin_echolocation",30564.584066099,30998.0939523347,433.50988623569,0.217748760348709,0.157795296820888,TRUE,"Strong evidence indices add value"
"dolphin_whistle",3117.47487473798,3189.26461239252,71.789737654537,0.338115739910042,0.217870318485888,TRUE,"Strong evidence indices add value"
"dolphin_activity",32128.3126352745,32610.7091914303,482.396556155782,0.207604918736763,0.142236795253082,TRUE,"Strong evidence indices add value"
"dolphin_presence",10692.7881623693,11347.3725957816,654.584433412265,0.250427139172256,0.201307248442337,TRUE,"Strong evidence indices add value"
"vessel_presence",6434.61771384667,8064.57108413701,1629.95337029034,0.52369424489129,0.395540855649212,TRUE,"Strong evidence indices add value"
