"metric","variable","9M_edf","9M_p_value","9M_sig_level","14M_edf","14M_p_value","14M_sig_level","37M_edf","37M_p_value","37M_sig_level"
"dolphin_activity","ACI",3.16727361817158e-05,0.814034516720733,"",0.902638728643867,0.000977819692359883,"***",0.909842938590125,0.000689470075607379,"***"
"dolphin_activity","ACTspCount",0.000137886624084725,0.066589021171344,".",0.973510481010361,0,"***",0.413690440731443,0.0492436711903347,"*"
"dolphin_activity","ACTspFract",0.91406694359005,7.15680413443387e-05,"***",1.56521858596769e-05,0.291622780657687,"",0.738433441383939,0.000152482229790918,"***"
"dolphin_activity","ACTspMean",5.43598413222446e-05,0.740691726422506,"",2.52543905595182e-05,0.969968081392083,"",0.000117158430738544,0.821493049853391,""
"dolphin_activity","ACTtCount",6.36099990088805e-05,0.576333407062855,"",2.05965139095925e-05,0.976757476756587,"",4.4084192772742e-05,0.751293247856832,""
"dolphin_activity","ACTtFraction",3.23999246449913e-05,0.610692777658702,"",1.40426053220693e-05,0.950800059480323,"",4.54659018697961e-05,0.745576086895113,""
"dolphin_activity","ACTtMean",2.66705990076438e-05,0.735109829590769,"",6.5563338807349e-05,0.3277726008655,"",0.000137465817462991,0.295782018228135,""
"dolphin_activity","ADI",5.53383432995224e-05,0.680907351278623,"",4.02204691778708e-05,0.617063083623485,"",0.764412876072101,0.0233375901884478,"*"
"dolphin_activity","AEI",0.963299273465611,3.25501689046881e-07,"***",0.000209328585769928,0.332602808779193,"",0.812640537941257,0.00889466811781126,"**"
"dolphin_activity","AGI",3.00529230551766e-05,0.744066458921745,"",0.667175522589913,0.0763890380747776,".",0.000140513663384638,0.580003696336725,""
"dolphin_activity","AnthroEnergy",3.2561175944095e-05,0.824540883296162,"",1.39946180343366e-05,0.906700055297958,"",7.41649577908897e-05,0.867692709358938,""
"dolphin_activity","BGNf",0.710188151763306,0.0551949767314643,".",2.18987809364609e-05,0.961336886258989,"",0.904294784185525,0.000537725798888555,"***"
"dolphin_activity","BGNt",4.30870668599378e-05,0.958348921210137,"",3.83330246581658e-05,0.369432880239467,"",0.939581901607369,9.83646584051812e-06,"***"
"dolphin_activity","BI",2.24998806091398e-05,0.80154449230568,"",2.00609081065591e-05,0.385281046937643,"",0.783339590853476,0.0273168782176507,"*"
"dolphin_activity","BioEnergy",3.62055596045563e-05,0.814481198060086,"",0.696982212524694,0.0590774426247346,".",4.46472680599856e-05,0.406486915377544,""
"dolphin_activity","EAS",3.01543306438534e-05,0.967239025100868,"",0.701576115358612,0.0646842258634153,".",7.82025328654944e-05,0.78008163790775,""
"dolphin_activity","ECU",0.843785063495307,0.00825901866688272,"**",2.82748422759123e-05,0.927333594474265,"",0.000177443592897862,0.430135540287392,""
"dolphin_activity","ECV",0.779624888630498,0.0283103473465025,"*",1.81813979761076e-05,0.896083560242095,"",0.000138322595708356,0.626739950291543,""
"dolphin_activity","ENRf",3.99470956679558e-05,0.783938968422281,"",1.97120185859702e-05,0.623952394761088,"",8.68530664326998e-05,0.839979996518934,""
"dolphin_activity","EPS",5.8680351382571e-05,0.458881655505478,"",1.09115242460446,0.00554042560511914,"**",0.788733275381202,0.0206363838494903,"*"
"dolphin_activity","EPS_KURT",0.789313900313523,0.0244850130959771,"*",2.79443731540644e-05,0.612649861099906,"",9.80442483985926e-05,0.00490577418845417,"**"
"dolphin_activity","EPS_SKEW",3.99099274877769e-05,0.752848434247056,"",0.64593194155317,0.0822082840116602,".",0.491208655885925,0.145707706233744,""
"dolphin_activity","EVNspCount",0.555085356961635,0.10663120059644,"",0.955787875834362,1.38696679896633e-06,"***",0.000238060887064256,0.294339698312012,""
"dolphin_activity","EVNspFract",2.96298649461949e-05,0.996259808785918,"",1.81473993655134,0.00017452141948282,"***",0.987055268195156,0,"***"
"dolphin_activity","EVNspMean",5.49227866937475e-05,0.518285567748391,"",1.36019047422908e-05,0.60541881791762,"",1.73267807916952,1.6380590324161e-06,"***"
"dolphin_activity","EVNtCount",0.63035928296875,0.0941394037401442,".",2.2146379316498e-05,0.569313746445633,"",0.423558994914262,0.185700471293526,""
"dolphin_activity","EVNtFraction",6.43163488759414e-05,0.529874545758978,"",2.4242863486793e-05,0.802918888004578,"",0.853244337143108,0.00662439112644453,"**"
"dolphin_activity","EVNtMean",4.21310768396599e-05,0.97972399563836,"",2.44574297915289e-05,0.353592569978496,"",9.8379206134823e-05,0.818988835756723,""
"dolphin_activity","HFC",3.53931239224354e-05,0.910603517757904,"",2.3102458174559e-05,0.855552937822671,"",1.45996992461825,0.0107647369650874,"*"
"dolphin_activity","H_GiniSimpson",3.37430986275197e-05,0.824521807006762,"",2.57377818124769e-05,0.81856669063126,"",7.91377028004397e-05,0.336653507855593,""
"dolphin_activity","H_Havrda",3.30229685514326e-05,0.675153548029795,"",3.09159002874863e-05,0.684891607698162,"",8.82507369232815e-05,0.36367481794729,""
"dolphin_activity","H_Renyi",9.44200344303266e-05,0.413256496036036,"",2.3867254644845e-05,0.761378536620909,"",7.23815794077473e-05,0.987536385241145,""
"dolphin_activity","H_gamma",5.42629074744681e-05,0.603274510230062,"",0.906792628874277,0.00074529094570841,"***",0.887498964333163,0.000973240700516964,"***"
"dolphin_activity","H_pairedShannon",4.12661379759344e-05,0.681771805132239,"",1.62681346378233e-05,0.917244347143358,"",0.194527607720233,0.249327047478653,""
"dolphin_activity","Hf",4.34952176360764e-05,0.690782761885627,"",1.58163622352301e-05,0.923821292626087,"",5.00345527424044e-05,0.458949268018168,""
"dolphin_activity","Ht",0.929547628107713,8.32902213739883e-05,"***",2.42668311482842e-05,0.306370524182274,"",0.790342177025831,0.0201475826539362,"*"
"dolphin_activity","KURTf",3.64313946630149e-05,0.975944789310159,"",2.81615947371536e-05,0.908307227880096,"",7.18507024189463e-05,0.812671873498755,""
"dolphin_activity","KURTt",0.000132535835470116,0.34789009786683,"",0.11487782206703,0.278811855395554,"",0.000570246911534055,0.311322539892183,""
"dolphin_activity","LEQf",4.07920944840451e-05,0.783197327920605,"",2.00431633272281e-05,0.623034949293803,"",8.7127087756424e-05,0.840157756343944,""
"dolphin_activity","LEQt",3.34745911349459e-05,0.880931403963157,"",0.906223580413271,0.000682738119233584,"***",1.06254627025994,0.066551636918619,"."
"dolphin_activity","LFC",0.748795702241855,0.127543014249235,"",2.67646060455843e-05,0.362095483980235,"",0.000106508935428154,0.686049322029575,""
"dolphin_activity","MEANf",3.46122125915778e-05,0.914377394003182,"",0.890474026632366,0.00169749677182873,"**",0.964165676894194,0,"***"
"dolphin_activity","MEANt",3.94686680512823e-05,0.860160361681427,"",2.42485699569612e-05,0.936130309994915,"",0.222827027373123,0.257961291624366,""
"dolphin_activity","MED",2.3370088881275e-05,0.967290854182813,"",1.69551438956516e-05,0.358867959576753,"",7.66209380844472e-05,0.488995495899161,""
"dolphin_activity","MFC",2.3458578769317e-05,0.944210409153256,"",0.932096289322953,8.03048064941247e-05,"***",0.837482896630836,0.00711497587409715,"**"
"dolphin_activity","NBPEAKS",0.886747652260146,0.00269955350990136,"**",0.6963950952495,0.0662184864176047,".",0.449816204273918,0.169012748673434,""
"dolphin_activity","NDSI",4.77470404513077e-05,0.68515801380019,"",2.47350799325321e-05,0.268544135551751,"",0.406293183366609,0.0096475128276392,"**"
"dolphin_activity","RAOQ",3.62525913031958e-05,0.733201692424993,"",2.90916104679156e-05,0.835061056294812,"",0.000153976709147789,0.0974857943687405,"."
"dolphin_activity","ROU",3.62668203411667e-05,0.933043155966877,"",1.12904248934079e-05,0.916358989986483,"",0.000130129321603897,0.505403804634881,""
"dolphin_activity","SKEWf",4.22886929843069e-05,0.886144975103154,"",1.75497486650039e-05,0.969087554569841,"",4.13216908139513e-05,0.902225289570527,""
"dolphin_activity","SKEWt",2.89682139819759e-05,0.700552958499335,"",3.64377029115754e-05,0.365973851950474,"",9.38973251431123e-05,0.964110723471945,""
"dolphin_activity","SNRf",2.24292900503459e-05,0.878095999827395,"",2.03345484149789e-05,0.956858276221573,"",0.921107136085126,0.000250747312901312,"***"
"dolphin_activity","SNRt",3.74933171656688e-05,0.711868681806904,"",3.08869834235672e-05,0.515097175553214,"",0.000113853388424302,0.25223260455555,""
"dolphin_activity","TFSD",0.978229168497429,0,"***",2.01356341967547e-05,0.892459292119704,"",0.945507056831641,0.128398468052678,""
"dolphin_activity","VARf",4.41509544158843e-05,0.858799147910161,"",2.02365482986728e-05,0.875287823870731,"",8.81909975330268e-05,0.684218260500412,""
"dolphin_activity","VARt",2.96932374244351e-05,0.966707851040106,"",2.54169227407005e-05,0.686961184654815,"",0.000146171858126744,0.400864451334567,""
"dolphin_activity","ZCR",3.60690239883168e-05,0.710937186752307,"",0.636824043745297,0.0879308750483243,".",1.07087006537309,0.0655550577377346,"."
"dolphin_activity","aROI",0.951765855038489,1.82177859719967e-06,"***",0.851984196809012,0.00772327292465058,"**",8.83593343884087e-05,0.528401565764263,""
"dolphin_activity","nROI",0.326487103904803,0.209209421674483,"",1.50463409911525e-05,0.371705948126908,"",0.699175056639397,0.0611845647366553,"."
"dolphin_activity","rBA",5.10874000293307e-05,0.677389040829015,"",2.46988142474497e-05,0.268324739900563,"",0.422047075223875,0.00964745133616596,"**"
"dolphin_burst_pulse","ACI",2.89659890075933e-05,0.469764528177507,"",0.683286862044361,0.066259283830964,".",0.893141781336302,0.00162258938052018,"**"
"dolphin_burst_pulse","ACTspCount",8.91032481724942e-05,0.0162093634304292,"*",0.97466800509951,0,"***",2.0133632999018e-05,0.758906800029395,""
"dolphin_burst_pulse","ACTspFract",0.910595481705411,0.000521003776501994,"***",1.02427667710199e-05,0.336309395260338,"",2.19011307354982e-05,0.774626557161757,""
"dolphin_burst_pulse","ACTspMean",1.53799972841355e-05,0.737635468269367,"",3.62925943442875e-06,0.99962725172314,"",2.20894601814824e-05,0.909040687166284,""
"dolphin_burst_pulse","ACTtCount",1.8902582433476e-05,0.906009117514683,"",0.783030310799187,0.0269740102024552,"*",2.93094638438208e-05,0.485839199883887,""
"dolphin_burst_pulse","ACTtFraction",1.9386247533101e-05,0.907671247159258,"",3.83954465247782e-05,0.0411888425227803,"*",2.85532781500977e-05,0.501854254271568,""
"dolphin_burst_pulse","ACTtMean",1.46228593888271e-05,0.924502717692687,"",7.86110718671292e-06,0.898562189466522,"",2.05826457687678e-05,0.948365138055066,""
"dolphin_burst_pulse","ADI",2.11123646429761e-05,0.502818641119002,"",7.48162771885033e-06,0.603543798628972,"",2.06177274351247e-05,0.629882643152364,""
"dolphin_burst_pulse","AEI",0.957596453587971,9.98290181630779e-07,"***",0.950482177125376,3.10564636230026e-06,"***",4.65741681214937e-05,0.551397023081619,""
"dolphin_burst_pulse","AGI",3.76192013862554e-05,0.440562785735884,"",4.78617676182171e-06,0.896539979387284,"",2.65863640779708e-05,0.480038762785964,""
"dolphin_burst_pulse","AnthroEnergy",1.19502868312651e-05,0.886433071715076,"",6.95560695895193e-06,0.960241936771256,"",2.80650429024777e-05,0.470300700257719,""
"dolphin_burst_pulse","BGNf",0.87661387940676,0.00367141060417242,"**",6.50126992085914e-06,0.994121289170194,"",4.72709591270778e-05,0.376765694869103,""
"dolphin_burst_pulse","BGNt",9.31365590599899e-06,0.967706486754138,"",6.68522217834982e-06,0.619512640976884,"",0.000169761135073075,0.319242774866323,""
"dolphin_burst_pulse","BI",0.856774085538001,0.00726289058173957,"**",5.38086917117366e-06,0.436215371128704,"",0.86334996656929,0.00598699980643358,"**"
"dolphin_burst_pulse","BioEnergy",3.07765150188933e-05,0.461667070044662,"",8.47131967842276e-06,0.771144253192934,"",2.52381908163764e-05,0.452243741071543,""
"dolphin_burst_pulse","EAS",0.825159859069104,0.0113598411643321,"*",0.526429518286432,0.102722491663367,"",0.952875727520341,6.25428471345835e-07,"***"
"dolphin_burst_pulse","ECU",1.60784143711836,0.00529236708623715,"**",0.550659974488737,0.0932278917449741,".",1.08017715463534,0.0425297663301819,"*"
"dolphin_burst_pulse","ECV",1.38303544775586e-05,0.950550040065246,"",8.38905025579195e-06,0.88388431905161,"",2.00979996725626e-05,0.755543551990722,""
"dolphin_burst_pulse","ENRf",1.62035793640206e-05,0.915696132260505,"",6.80381883390839e-06,0.880967387817271,"",0.381501734081146,0.0246621695842187,"*"
"dolphin_burst_pulse","EPS",1.24528730960685e-05,0.864819327759817,"",0.700209217498353,0.0612791869048729,".",0.391790151607156,0.188802193005576,""
"dolphin_burst_pulse","EPS_KURT",1.28403159791468e-05,0.842766774591642,"",8.46135521486069e-06,0.233336049189782,"",2.41732867413626e-05,0.701828248865021,""
"dolphin_burst_pulse","EPS_SKEW",1.04480451861465e-05,0.78629434104292,"",0.759078378186749,0.0335152411392479,"*",2.48764948616091e-05,0.718727929953149,""
"dolphin_burst_pulse","EVNspCount",1.96681093312294e-05,0.677974052221653,"",0.962335609516683,3.00445205936306e-07,"***",0.850333094184746,0.00834217628905809,"**"
"dolphin_burst_pulse","EVNspFract",1.67524361761303e-05,0.656520068748587,"",6.49558711421791e-06,0.548923297469136,"",3.06517604072188e-05,0.318512463231866,""
"dolphin_burst_pulse","EVNspMean",1.63750764126788e-05,0.949398935280943,"",4.94070960770091e-06,0.701574357503134,"",1.8716014216522,0,"***"
"dolphin_burst_pulse","EVNtCount",4.35130582010467e-05,0.50677058203145,"",3.36518211881309e-06,0.739663376626632,"",3.98247851941388e-05,0.577194456747929,""
"dolphin_burst_pulse","EVNtFraction",1.34439811668159e-05,0.991600988660611,"",4.07095599443814e-06,0.855481026385291,"",2.10574158681353e-05,0.70180606410006,""
"dolphin_burst_pulse","EVNtMean",1.71429738535691e-05,0.79314486766164,"",8.13238806093009e-06,0.422170207445171,"",0.86392177715163,0.00638608683659636,"**"
"dolphin_burst_pulse","HFC",1.06247573196445e-05,0.69501010313814,"",8.89532623095318e-06,0.744327071085453,"",1.12236394303042e-05,0.694872398431558,""
"dolphin_burst_pulse","H_GiniSimpson",1.35882283227873e-05,0.970262473660314,"",1.02308449723283e-05,0.504875793203559,"",2.20293752641059e-05,0.974356763361499,""
"dolphin_burst_pulse","H_Havrda",1.15595496613557e-05,0.972283606932251,"",1.65940260189992e-05,0.46644809820238,"",2.09948323072578e-05,0.969833331552653,""
"dolphin_burst_pulse","H_Renyi",0.902411146995365,0.000989380848600563,"***",1.06359920439963e-05,0.75360035166331,"",0.798559511158639,0.0188122020779684,"*"
"dolphin_burst_pulse","H_gamma",1.20838701851436e-05,0.969454611289711,"",0.923976167093559,0.000172809929915974,"***",2.70230935994681e-05,0.48751257385235,""
"dolphin_burst_pulse","H_pairedShannon",1.30471381587308e-05,0.98911195314192,"",8.52486497888339e-06,0.603426391586499,"",6.41972616919611e-05,0.0722101911169504,"."
"dolphin_burst_pulse","Hf",1.1230576388764e-05,0.988699974713169,"",9.35286884112895e-06,0.633134792943369,"",0.886120168891982,0.00193317349745603,"**"
"dolphin_burst_pulse","Ht",1.44043613493215e-05,0.74649053888706,"",1.57310814303452e-05,0.311348799313061,"",0.861602825351809,0.00530368933436076,"**"
"dolphin_burst_pulse","KURTf",1.38365787672097e-05,0.98946373093723,"",9.58055926061577e-06,0.462502724735751,"",2.03616987322769e-05,0.69749813791078,""
"dolphin_burst_pulse","KURTt",8.74293374232042e-06,0.849379022861854,"",9.76730235442258e-06,0.469086924310938,"",5.93258348060444e-05,0.383515210937139,""
"dolphin_burst_pulse","LEQf",1.6043833197037e-05,0.915491102470587,"",6.71845030246332e-06,0.882832651763121,"",0.387317466613068,0.0246621528317109,"*"
"dolphin_burst_pulse","LEQt",1.15857759660183e-05,0.867673381527512,"",8.8228413763235e-06,0.360930418770442,"",1.76113879933342e-05,0.506762024693148,""
"dolphin_burst_pulse","LFC",1.53483418509796e-05,0.709839688258952,"",1.63161305390473,0.00057801775038413,"***",0.939616979006616,2.08092630080703e-05,"***"
"dolphin_burst_pulse","MEANf",1.48597237185112e-05,0.592683522722816,"",5.93571877222515e-06,0.814568137990409,"",2.96177319693109e-05,0.400074028922673,""
"dolphin_burst_pulse","MEANt",3.12359027989133e-05,0.600725862726433,"",0.575395735239154,0.124578290110113,"",0.701278157117086,0.0671585181173803,"."
"dolphin_burst_pulse","MED",1.03195324886774e-05,0.982248080415981,"",7.6295725589627e-06,0.652697226388825,"",0.286057605611407,0.22692112748181,""
"dolphin_burst_pulse","MFC",0.281239846789712,0.222187431697854,"",1.50349578804402,5.41339055915024e-07,"***",6.9129741149507e-05,0.419428768234062,""
"dolphin_burst_pulse","NBPEAKS",0.904815547867348,0.00106029621277193,"**",0.739336392460862,0.0453554307524499,"*",0.000212226665078489,0.331299600695814,""
"dolphin_burst_pulse","NDSI",1.64190755047371e-05,0.985127971136334,"",7.06607748036862e-06,0.830600069401372,"",1.50710796467569e-05,0.730123009265323,""
"dolphin_burst_pulse","RAOQ",1.94558161153159e-05,0.981515306859419,"",1.1768102846718e-05,0.553912959202103,"",0.898799355831806,0.000621346142709256,"***"
"dolphin_burst_pulse","ROU",1.5104989205259e-05,0.529757821141797,"",6.03404168860044e-06,0.957432907231001,"",2.12594141536952e-05,0.942838997943712,""
"dolphin_burst_pulse","SKEWf",8.99496570525792e-06,0.949571022370099,"",5.85526521846667e-06,0.660155680542818,"",4.00254033021319e-05,0.310110984294323,""
"dolphin_burst_pulse","SKEWt",1.35712802351946e-05,0.893470291864311,"",7.17369904556361e-06,0.842308716326385,"",0.782766777006669,0.0298737342953332,"*"
"dolphin_burst_pulse","SNRf",1.28158755497244e-05,0.633968132453753,"",5.12109764506621e-06,0.99406829398434,"",1.6921774257975e-05,0.749140032111954,""
"dolphin_burst_pulse","SNRt",1.50739270813158e-05,0.966673672451059,"",7.57989969526797e-06,0.886464404863022,"",1.55671890963951e-05,0.980352145960557,""
"dolphin_burst_pulse","TFSD",0.913638549051127,0.000796190130086805,"***",0.583462137976352,0.112455513251848,"",0.955297490534045,1.4172400671919e-06,"***"
"dolphin_burst_pulse","VARf",1.73807898289189e-05,0.791853506510445,"",7.38113162903684e-06,0.945053693026276,"",2.66411508835905e-05,0.767568189188125,""
"dolphin_burst_pulse","VARt",1.61469975662716e-05,0.994518431257657,"",7.98275415654839e-06,0.999927286620707,"",2.67940453496428e-05,0.883324574343631,""
"dolphin_burst_pulse","ZCR",1.64077282942281e-05,0.958291368658717,"",7.92859222651137e-06,0.888137785450859,"",0.905293408463775,0.000921985882762488,"***"
"dolphin_burst_pulse","aROI",0.90941752668187,0.000289145150216275,"***",1.02252125439739e-05,0.701087840450874,"",2.42374532536541e-05,0.975784280668798,""
"dolphin_burst_pulse","nROI",1.5070269139034e-05,0.948658134810441,"",0.873195951109327,0.00232100220790421,"**",3.1507471176405e-05,0.839420655890978,""
"dolphin_burst_pulse","rBA",1.64396160660074e-05,0.984881846363463,"",7.0197165828396e-06,0.830543253806447,"",2.4991643032245e-05,0.801175227315446,""
"dolphin_echolocation","ACI",3.46967671249304e-05,0.860421360433955,"",0.88546999849291,0.0023250773695247,"**",0.796454911814312,0.0223319969936339,"*"
"dolphin_echolocation","ACTspCount",8.40033371251711e-05,0.0854281308360159,".",1.14577052824852e-05,0.374035284057035,"",0.000423605621822992,0.298027466164402,""
"dolphin_echolocation","ACTspFract",0.894302020602198,0.000459138916506285,"***",1.37297955208142e-05,0.232314326637039,"",0.988118413586165,0,"***"
"dolphin_echolocation","ACTspMean",4.55042330683424e-05,0.651985766238587,"",3.34470125581244e-05,0.76660374105156,"",0.351934397309966,0.179396744368614,""
"dolphin_echolocation","ACTtCount",0.814154286230883,0.0168075930764984,"*",1.70633998794769e-05,0.850269955378566,"",9.68713359834875e-05,0.888301407756183,""
"dolphin_echolocation","ACTtFraction",0.000148652736141665,0.0281997532810354,"*",2.50044000499603e-05,0.88129743450192,"",8.09500715799169e-05,0.866265293777671,""
"dolphin_echolocation","ACTtMean",3.92521550977674e-05,0.694628280794446,"",1.91180760042055e-05,0.964885204395205,"",0.801273883638819,0.0180758861177512,"*"
"dolphin_echolocation","ADI",2.8215014687592e-05,0.600709267187292,"",2.30936212282031e-05,0.803454118280135,"",0.799487623536907,0.0179417209545045,"*"
"dolphin_echolocation","AEI",0.96595341974167,0,"***",3.29185882686607e-05,0.703151136661133,"",0.895327332148304,0.000580319003087415,"***"
"dolphin_echolocation","AGI",2.24516082995345e-05,0.755420085286877,"",0.626096902861434,0.091427476746843,".",0.586737660270182,0.100035750973424,""
"dolphin_echolocation","AnthroEnergy",4.26651555852274e-05,0.87900923685809,"",2.1686131359396e-05,0.873210582896295,"",0.000160054324522241,0.594976361261343,""
"dolphin_echolocation","BGNf",0.614758776689245,0.100476408016447,"",2.03719363564783e-05,0.81596391729778,"",0.903664288289912,0.000619568025745143,"***"
"dolphin_echolocation","BGNt",3.89911781850042e-05,0.95086166912381,"",0.922180213042855,0.000230195543296841,"***",0.949293944451376,1.41222887006798e-06,"***"
"dolphin_echolocation","BI",4.77656224665101e-05,0.672885247286954,"",5.93104433882585e-05,0.452904148058131,"",0.820418997312001,0.0166090169694872,"*"
"dolphin_echolocation","BioEnergy",3.01675459343654e-05,0.890422935845423,"",2.13509448443968e-05,0.818862568625152,"",7.38707416289138e-05,0.9692456599955,""
"dolphin_echolocation","EAS",3.70716436363032e-05,0.742705404409282,"",0.888090624117017,0.00221673078839313,"**",8.64630645695343e-05,0.888888991587613,""
"dolphin_echolocation","ECU",0.33459611145428,0.218493887602251,"",3.54496049115573e-05,0.643934126661451,"",9.55606699681133e-05,0.554166967540991,""
"dolphin_echolocation","ECV",7.58219197096328e-05,0.410143356678988,"",4.09615874425836e-05,0.451295652963552,"",0.000150291804296405,0.630836290918719,""
"dolphin_echolocation","ENRf",4.38600442833242e-05,0.768003193783902,"",2.7081521947613e-05,0.644107138680683,"",8.86235770221169e-05,0.900544287897318,""
"dolphin_echolocation","EPS",0.439842190888479,0.161330698356863,"",0.91658959809155,0.000364686734373953,"***",0.000217430322254129,0.463263875266406,""
"dolphin_echolocation","EPS_KURT",0.88044924485983,0.00257849615456507,"**",2.16070165445487e-05,0.753397550252813,"",0.00018317258051721,0.511213219305395,""
"dolphin_echolocation","EPS_SKEW",2.89510215231243e-05,0.771014016596369,"",2.81015577341934e-05,0.66466356283689,"",0.000364481323706254,0.408475586810231,""
"dolphin_echolocation","EVNspCount",0.693757029623164,0.0518827734199373,".",0.923559617602598,7.03908373586026e-05,"***",0.89159546865144,0.00167993379038123,"**"
"dolphin_echolocation","EVNspFract",2.94501731519944e-05,0.780344230162606,"",0.735599979935997,0.0308972036770198,"*",0.978905992465039,0,"***"
"dolphin_echolocation","EVNspMean",0.274302073222746,0.236627803434909,"",0.705294142838725,0.0438188282096671,"*",0.804853177650265,0.0206308172428453,"*"
"dolphin_echolocation","EVNtCount",0.772524782203896,0.0326972185436045,"*",2.5575837346301e-05,0.71440270035497,"",0.210190011304641,0.257425586895817,""
"dolphin_echolocation","EVNtFraction",7.85728253042746e-05,0.373882036722648,"",2.53627165813856e-05,0.797199202559262,"",0.803934167279788,0.020290132883267,"*"
"dolphin_echolocation","EVNtMean",3.3747694198562e-05,0.974389794012276,"",1.71187118802821e-05,0.742161058775708,"",0.000201124677633211,0.590496908779352,""
"dolphin_echolocation","HFC",1.54291986037767e-05,0.856587273188822,"",3.01684893982941e-05,0.265458342040188,"",0.939525451603707,1.25442339309334e-05,"***"
"dolphin_echolocation","H_GiniSimpson",2.62019030939468e-05,0.931930319828596,"",2.41623251852165e-05,0.937656401449275,"",0.000102394646208929,0.906427091583368,""
"dolphin_echolocation","H_Havrda",4.19149661984864e-05,0.698339140830121,"",2.9714814187404e-05,0.744775354148565,"",6.21707492169653e-05,0.995858058865566,""
"dolphin_echolocation","H_Renyi",4.06093958687604e-05,0.643521915551523,"",1.99450439470701e-05,0.920396669531214,"",8.31472987062208e-05,0.98568154424436,""
"dolphin_echolocation","H_gamma",4.79170032840864e-05,0.690233011237717,"",0.950057951960762,4.20814123924806e-06,"***",9.03474404293373e-05,0.505421887508968,""
"dolphin_echolocation","H_pairedShannon",4.74564939587614e-05,0.609717333351175,"",1.58401310430667e-05,0.994966142268116,"",0.00131588766351135,0.141947025337426,""
"dolphin_echolocation","Hf",3.52915902645852e-05,0.681672625082863,"",1.96472031997521e-05,0.990256988113266,"",0.527003031984143,0.130821818790122,""
"dolphin_echolocation","Ht",0.956476605991785,6.37345162868286e-07,"***",2.60271089782647e-05,0.905674196145407,"",0.859884567107121,0.00489359564252911,"**"
"dolphin_echolocation","KURTf",3.23198788248304e-05,0.815762773534174,"",1.77274842183596e-05,0.898032363797683,"",9.4344308117022e-05,0.826871419319627,""
"dolphin_echolocation","KURTt",0.463415234653006,0.162720432805816,"",8.71943155860998e-05,0.000101356740260128,"***",0.000303045679589997,0.359340783804473,""
"dolphin_echolocation","LEQf",4.37545437724621e-05,0.766393111576737,"",2.69015755978071e-05,0.646074003883608,"",8.92092190567356e-05,0.887897732614063,""
"dolphin_echolocation","LEQt",4.26780764350061e-05,0.841524368262807,"",5.30835423290926e-05,0.264046607866197,"",0.627668374896482,0.086980579613523,"."
"dolphin_echolocation","LFC",0.000124494864880097,0.337375676201322,"",0.670749959851474,0.0755553029125886,".",0.000186254877903803,0.532686546037765,""
"dolphin_echolocation","MEANf",4.78722960396303e-05,0.672759024381109,"",0.747480064800076,0.0366859057048836,"*",0.96161098205176,0,"***"
"dolphin_echolocation","MEANt",4.52510145306742e-05,0.6437025242842,"",2.19928991978908e-05,0.990375677109692,"",0.127943236668107,0.280392736062393,""
"dolphin_echolocation","MED",3.64211467158723e-05,0.960057011896681,"",1.7171265432907e-05,0.971658840515116,"",0.000104052421190588,0.694415571409002,""
"dolphin_echolocation","MFC",3.08316999943597e-05,0.776273855968725,"",0.846299777125486,0.00562575161774581,"**",0.255565264198347,0.233645308127534,""
"dolphin_echolocation","NBPEAKS",0.804697322620271,0.0223198418099186,"*",0.253354257827405,0.238293777669019,"",0.802929403586693,0.0210346155231627,"*"
"dolphin_echolocation","NDSI",4.3715852366308e-05,0.614230116856538,"",5.53707406533179e-05,0.430416534884165,"",0.0002099510825813,0.293345280343352,""
"dolphin_echolocation","RAOQ",5.62230635434988e-05,0.67995925235347,"",1.619155971363e-05,0.999817126072741,"",0.000133835405528299,0.547092008167893,""
"dolphin_echolocation","ROU",2.38040539830045e-05,0.894317480028909,"",2.87195083886276e-05,0.709903583513423,"",0.000160807548137593,0.480358614949363,""
"dolphin_echolocation","SKEWf",4.91687205550819e-05,0.79549255865072,"",2.54938121765626e-05,0.987221696833703,"",0.000109304268307509,0.776865886158741,""
"dolphin_echolocation","SKEWt",3.38818156495289e-05,0.764773710925001,"",2.89058836988943e-05,0.709766494286245,"",0.000123458486718322,0.685490206613907,""
"dolphin_echolocation","SNRf",3.97460142657022e-05,0.582819904320957,"",3.02840415403423e-05,0.926654839322955,"",0.862047094888213,0.00250064844639408,"**"
"dolphin_echolocation","SNRt",0.000110036254303852,0.413768971239727,"",1.39631039722642e-05,0.99847862042112,"",0.000213398479978052,0.42731439925044,""
"dolphin_echolocation","TFSD",1.7011015172024,0,"***",0.930812552602828,5.25611944228732e-05,"***",0.160603864493174,0.265023503075948,""
"dolphin_echolocation","VARf",3.85826957687542e-05,0.880324173496208,"",2.06330433497081e-05,0.910208725517453,"",0.000133599496622875,0.640815847530666,""
"dolphin_echolocation","VARt",2.86875454428277e-05,0.962062629339205,"",3.31311381316257e-05,0.920281612300219,"",0.000143275986613625,0.496284209540618,""
"dolphin_echolocation","ZCR",2.3943582813043e-05,0.708387811387399,"",2.79064416300289e-05,0.941255253117233,"",0.000107062900360283,0.640132947317242,""
"dolphin_echolocation","aROI",0.933824769432597,3.45461029952476e-05,"***",0.882197377246065,0.00272383023201117,"**",0.704962595002881,0.0606588245854466,"."
"dolphin_echolocation","nROI",0.424801549542074,0.182247825639346,"",0.798919585351734,0.0162947357211806,"*",0.735725077387615,0.048524744229453,"*"
"dolphin_echolocation","rBA",4.32732359213058e-05,0.618545274218492,"",5.47505535510039e-05,0.431050476570669,"",0.000209618208577104,0.293093123102289,""
"dolphin_presence","ACI",0.796879779213165,0.0212126864294123,"*",0.955965824137128,1.24470428919388e-06,"***",0.866057143074936,0.00493375066534729,"**"
"dolphin_presence","ACTspCount",0.000351658960210605,0.137072276194714,"",0.977041444555124,0,"***",0.980455608430004,0,"***"
"dolphin_presence","ACTspFract",1.10026780581516,0.052166903612745,".",4.6088589717029e-05,0.555967940167265,"",0.000143049987899682,0.387627419984808,""
"dolphin_presence","ACTspMean",0.000102457002042982,0.666344046351804,"",8.98676494174199e-05,0.483043968278766,"",9.62782054161986e-05,0.906640073772519,""
"dolphin_presence","ACTtCount",0.000112356505878205,0.614102338589649,"",4.97195166752887e-05,0.590538892310877,"",0.00011637292576898,0.776156528989694,""
"dolphin_presence","ACTtFraction",9.8082020369073e-05,0.692769049817142,"",4.81698283637362e-05,0.624080832678138,"",0.000112350683640839,0.78025919682853,""
"dolphin_presence","ACTtMean",8.37767562988069e-05,0.776213013538348,"",3.32372465851563e-05,0.661631126113303,"",0.000162332766752986,0.482565811069315,""
"dolphin_presence","ADI",1.56384387948495,0.0010417961111524,"**",0.862731410757977,0.00574692974890312,"**",0.29687657448606,0.210990654935816,""
"dolphin_presence","AEI",0.962894136342696,0,"***",0.962351511500589,0,"***",0.663304514351762,0.0737668183567148,"."
"dolphin_presence","AGI",0.000244925468978882,0.375406381520685,"",0.740802110136532,0.0458677357307449,"*",0.000124326971891977,0.845912135592983,""
"dolphin_presence","AnthroEnergy",6.64910994101729e-05,0.893991020092218,"",3.41051818023221e-05,0.93364176409448,"",7.80206817569419e-05,0.750696630695211,""
"dolphin_presence","BGNf",8.32071045225282e-05,0.918180222199458,"",6.63186835222983e-05,0.418430221013093,"",0.00010559192163665,0.674731585261017,""
"dolphin_presence","BGNt",0.713456472706035,0.0480539809995845,"*",0.918320878762534,0.000224872609369209,"***",0.000101291123602028,0.806953955109466,""
"dolphin_presence","BI",9.98621334331279e-05,0.835559092679222,"",8.09053366453251e-05,0.811158953169426,"",0.903463033637688,0.000883316469383999,"***"
"dolphin_presence","BioEnergy",6.7680251336943e-05,0.867818882601648,"",0.000120001598776716,0.328273271424513,"",8.78299001901022e-05,0.894115193663513,""
"dolphin_presence","EAS",7.87811665640917e-05,0.598617188767883,"",0.924029017240698,0.0542117845464458,".",0.891227712691968,0.00157970635933469,"**"
"dolphin_presence","ECU",0.000118072172384626,0.620572608589133,"",3.78420829173547e-05,0.832990080507703,"",1.71039612709673,3.57621283157972e-05,"***"
"dolphin_presence","ECV",0.000161859021463267,0.400579363070207,"",0.790999911682217,0.0179302692222092,"*",0.894369117534116,0.00109254191148278,"**"
"dolphin_presence","ENRf",0.207126963676963,0.156944954837689,"",0.000537635026718101,0.309618005682375,"",0.000115463450015191,0.964214526285931,""
"dolphin_presence","EPS",0.822294955273327,0.013834447630056,"*",0.788492237358784,0.0247730564879376,"*",9.36962926433808e-05,0.953406803798523,""
"dolphin_presence","EPS_KURT",0.877318199007,0.00321100144452713,"**",0.777714834850482,0.0263804123610557,"*",6.79221544514121e-05,0.79781313776191,""
"dolphin_presence","EPS_SKEW",7.98457709377475e-05,0.777463031858686,"",9.89069240291342e-05,0.53058263505346,"",0.000191939794942133,0.609823031316948,""
"dolphin_presence","EVNspCount",4.12611703814332e-05,0.927272101790092,"",0.954131643798495,1.66153683400783e-06,"***",0.906946266277418,0.000636005825280117,"***"
"dolphin_presence","EVNspFract",8.63376855744158e-05,0.778367595639881,"",0.869082639225811,0.00315105061243748,"**",1.64628315407326,0,"***"
"dolphin_presence","EVNspMean",0.875468709350957,0.00182543548376601,"**",7.92266029288225e-05,0.0877439469509214,".",6.00439744986302e-05,0.975675315106998,""
"dolphin_presence","EVNtCount",0.616866572445579,0.0896826957658214,".",3.8659175198e-05,0.827286273007692,"",0.000178520046058692,0.602407239575827,""
"dolphin_presence","EVNtFraction",0.786109358074932,0.0262335098243929,"*",5.69908376613104e-05,0.538173860495053,"",0.000203714331705062,0.323128620612611,""
"dolphin_presence","EVNtMean",4.69379725606049e-05,0.909953654005705,"",0.000111824745390481,0.464237972226159,"",0.000106322501601637,0.61736007323234,""
"dolphin_presence","HFC",5.88789858495487e-05,0.731820052877326,"",6.83376576744524e-05,0.774166411416832,"",0.951441019226615,3.85143657144482e-06,"***"
"dolphin_presence","H_GiniSimpson",6.52900375700555e-05,0.723663820627205,"",4.93562054423593e-05,0.635277354096831,"",7.14768201033243e-05,0.99880405597585,""
"dolphin_presence","H_Havrda",9.6200131711592e-05,0.532128893312388,"",0.000143573429758678,0.00342211551082083,"**",9.54063964800988e-05,0.90371177078353,""
"dolphin_presence","H_Renyi",7.26470945356597e-05,0.845591103054963,"",7.28511895957413e-05,0.628532875429748,"",0.000345022914554563,0.377985231081868,""
"dolphin_presence","H_gamma",0.607942072232563,0.0903977803215331,".",4.57579064303776e-05,0.953574223386226,"",0.000121809950339383,0.715826324962679,""
"dolphin_presence","H_pairedShannon",0.000101955779212969,0.633860095412732,"",5.37160506628105e-05,0.815050777275092,"",0.000119854896011516,0.770064685114655,""
"dolphin_presence","Hf",9.49790836654001e-05,0.634106487983677,"",5.3619108411523e-05,0.753400056410183,"",0.000121788798207779,0.757776528616708,""
"dolphin_presence","Ht",0.684204008042624,0.0476888736041656,"*",0.000386904693048855,0.30799925582282,"",8.65166125242993e-05,0.891996693188164,""
"dolphin_presence","KURTf",3.98657804510386e-05,0.964315626693978,"",0.445707375051497,0.19578460755597,"",0.000126116209884639,0.892365259474893,""
"dolphin_presence","KURTt",0.809438701548521,0.0179406675501228,"*",5.83557673454376e-05,0.853002170854121,"",8.46899195413784e-05,0.323614167475721,""
"dolphin_presence","LEQf",0.167477769814042,0.156948814234342,"",0.000531014615547977,0.310996992621474,"",0.000115586920261743,0.962537587482504,""
"dolphin_presence","LEQt",0.855520008719043,0.00308117550924492,"**",0.779364086021901,0.0266236501853715,"*",1.61347847128015,0.000281431026422974,"***"
"dolphin_presence","LFC",8.0932104792756e-05,0.815194170677826,"",0.876544632457226,0.0280707423088979,"*",0.000100949953572249,0.499839829434028,""
"dolphin_presence","MEANf",5.43097417383945e-05,0.972058694443411,"",0.950992830012476,2.37193254282175e-06,"***",0.931049684200072,2.99859786576651e-05,"***"
"dolphin_presence","MEANt",8.90062596117218e-05,0.788875736786869,"",0.000131674987894998,0.428025503505944,"",0.100406423942291,0.291487822497439,""
"dolphin_presence","MED",5.60857870864654e-05,0.979484747913744,"",3.89307273834948e-05,0.671326435227906,"",0.54212532093555,0.12108733481069,""
"dolphin_presence","MFC",0.000200481725516432,0.300586428962506,"",0.977439622738408,0,"***",0.000505928519105547,0.447519031472848,""
"dolphin_presence","NBPEAKS",0.751078143396261,0.0413123832498916,"*",0.500753791949121,0.150875333021668,"",0.68189756161503,0.071182855666381,"."
"dolphin_presence","NDSI",0.000173078352307882,0.364388824998419,"",0.459776454869274,5.08477574957533e-05,"***",0.000157599346799777,0.670321981797401,""
"dolphin_presence","RAOQ",0.000103566836945584,0.554015137168936,"",5.33132285789486e-05,0.322036015489264,"",8.32992944905887e-05,0.69281444298054,""
"dolphin_presence","ROU",0.000100559908098699,0.719458029201475,"",0.664737662586607,0.0753264506710553,".",0.000137616993645085,0.654600997229815,""
"dolphin_presence","SKEWf",5.39898067408645e-05,0.926013451172133,"",5.0422858695653e-05,0.43577481181745,"",0.000137996198260638,0.780503151517955,""
"dolphin_presence","SKEWt",9.82199204705257e-05,0.867486129328045,"",7.13737074126495e-05,0.963505749270529,"",9.40948076266247e-05,0.866301510197154,""
"dolphin_presence","SNRf",7.78550911137228e-05,0.760074656488209,"",3.14027606180297e-05,0.916695167861673,"",0.000288501413673599,0.457046394172614,""
"dolphin_presence","SNRt",0.000140386119811649,0.487446986449102,"",7.18594218831158e-05,0.418009253563908,"",0.000126471023993999,0.748183106274411,""
"dolphin_presence","TFSD",1.12190481369565,8.62890511044156e-07,"***",0.832530278670207,0.0103272851051381,"*",1.42845826823591,0.00385824127410739,"**"
"dolphin_presence","VARf",5.46165127526501e-05,0.895073383257351,"",3.9276918867054e-05,0.982336777969336,"",0.000126355917834791,0.765286710291306,""
"dolphin_presence","VARt",7.69998246812903e-05,0.640834520594537,"",1.88164185479272e-05,0.625695955756326,"",0.00012733595262845,0.830023461809974,""
"dolphin_presence","ZCR",5.7088852060652e-05,0.9406207310309,"",0.881626437678805,0.00225340907033744,"**",0.634687788116432,0.0745130303431489,"."
"dolphin_presence","aROI",0.905917563707427,0.000192294975681517,"***",1.87771003177734,0,"***",0.736211066477551,0.0474422429317132,"*"
"dolphin_presence","nROI",0.000137374313052245,0.551116801726494,"",4.94101833437541e-05,0.952638943187959,"",0.773636405257594,0.0312254484306902,"*"
"dolphin_presence","rBA",0.000172810132564934,0.368326355072156,"",0.453748034958426,5.00175693616267e-05,"***",0.00015466062583829,0.67003807902995,""
"dolphin_whistle","ACI",0.862123706530631,0.0051197151022484,"**",2.0212120161176e-06,0.541734719166395,"",1.5327506694797e-05,0.658527855661797,""
"dolphin_whistle","ACTspCount",0.933402809564446,3.01654226108061e-05,"***",7.5921657944119e-07,0.909224018465733,"",1.27450595762835e-05,0.618360801206386,""
"dolphin_whistle","ACTspFract",7.94917171504666e-05,0.000272241209320123,"***",7.65189085014311e-07,0.910350085513023,"",1.81998736776714e-05,0.577796628744016,""
"dolphin_whistle","ACTspMean",3.98952085808056e-06,0.794241087749454,"",1.69762858379451e-06,0.462552154102249,"",1.10776677367427e-05,0.9541141691816,""
"dolphin_whistle","ACTtCount",3.17696315094139e-06,0.366406438742771,"",2.86818614504828e-06,0.426639596509851,"",1.68458154744576e-05,0.664204161450394,""
"dolphin_whistle","ACTtFraction",3.18636319948214e-06,0.363747450066693,"",3.11473755362631e-06,0.428801994388183,"",1.45677644124092e-05,0.647124553051229,""
"dolphin_whistle","ACTtMean",3.41149998167643e-06,0.499853838821219,"",2.54911938175499e-06,0.462226476665286,"",0.570823024030016,0.115661318121338,""
"dolphin_whistle","ADI",0.859908955186852,0.00534097577240611,"**",2.68820325586855e-06,0.468724159858135,"",1.04320447050159e-05,0.426952059287637,""
"dolphin_whistle","AEI",9.42435811855037e-06,0.441415543740092,"",2.9541715665837e-06,0.434690451822203,"",2.93601651310725e-05,0.483217849918861,""
"dolphin_whistle","AGI",3.75925770653551e-06,0.964175528126125,"",1.34398355983454e-06,0.576364474158465,"",7.93804873667649e-06,0.959673713970712,""
"dolphin_whistle","AnthroEnergy",4.30338538412903e-06,0.6345349784715,"",1.04372874294104e-06,0.628261263960947,"",1.36333324149304e-05,0.642030637387639,""
"dolphin_whistle","BGNf",3.92842140351667e-06,0.795967642850866,"",9.29843676795253e-07,0.855108619327024,"",1.28401555603994e-05,0.963097384707214,""
"dolphin_whistle","BGNt",5.3195645709036e-06,0.619964885829456,"",1.05512841924213e-06,0.767869233886031,"",1.17283722408041e-05,0.996252167146558,""
"dolphin_whistle","BI",4.51882211317104e-06,0.782019234930797,"",1.9329800399662e-06,0.467384070528721,"",1.64733483815421e-05,0.765055661638653,""
"dolphin_whistle","BioEnergy",3.12593392856399e-06,0.956683099933644,"",1.2526125555839e-06,0.830023279758417,"",5.01433405622948e-05,0.373833324844373,""
"dolphin_whistle","EAS",8.64284155030232e-06,0.383747089752384,"",6.2688336852578e-07,0.873072234239233,"",1.57454752115369e-05,0.758583056801671,""
"dolphin_whistle","ECU",0.428653878452165,0.156629612957183,"",3.03422443557537e-06,0.474692951847697,"",1.26511746959894e-05,0.732820346534809,""
"dolphin_whistle","ECV",1.12010254543384e-05,0.219052298758521,"",1.92337540849441e-06,0.534541232301799,"",1.29761914021997e-05,0.51434676021987,""
"dolphin_whistle","ENRf",3.87932453469267e-06,0.833723028508445,"",1.37443472078018e-06,0.807587129413074,"",1.2942248334939e-05,0.909339291238677,""
"dolphin_whistle","EPS",3.67130200317361e-06,0.938936829173279,"",1.18225734676755e-06,0.897417689945163,"",0.866126291619079,0.00513979652510077,"**"
"dolphin_whistle","EPS_KURT",1.0472186744024e-05,0,"***",9.65726288288236e-07,0.996340173942342,"",7.40205528612177e-06,0.896902257923707,""
"dolphin_whistle","EPS_SKEW",6.070955743385e-06,0.57231689226654,"",9.66326374114283e-07,0.996983324666132,"",1.99589355378599e-05,0.599799198038306,""
"dolphin_whistle","EVNspCount",3.56459867894996e-06,0.97159080643972,"",1.25162696989764e-06,0.878603888153229,"",1.40788836527621e-05,0.597071744705276,""
"dolphin_whistle","EVNspFract",3.9835863276582e-06,0.971643330705185,"",1.45296772475963e-06,0.96760434704981,"",0.866027202299004,0.00427788287947783,"**"
"dolphin_whistle","EVNspMean",2.87711959674816e-06,0.792414938611295,"",0.122091727506948,0.28624953082591,"",0.77881271812861,0.029602645113132,"*"
"dolphin_whistle","EVNtCount",0.888740272739491,0.00201012523257271,"**",7.71800363340022e-07,0.977682550561467,"",0.63295685060418,0.0960783139449384,"."
"dolphin_whistle","EVNtFraction",0.581533330922229,0.115341194341515,"",8.29317561723393e-07,0.815643557656045,"",0.678645952337966,0.0727599818134956,"."
"dolphin_whistle","EVNtMean",3.79423774870796e-06,0.767255302171069,"",9.29103781427707e-07,0.675294698538518,"",1.37783855986621e-05,0.788351523614021,""
"dolphin_whistle","HFC",2.1728805980519e-06,0.961707667460695,"",1.02476285614449e-06,0.874190333180288,"",3.21152520204763e-05,0.340237309651188,""
"dolphin_whistle","H_GiniSimpson",4.32615699970592e-06,0.590733439824819,"",1.13204275732353e-06,0.529241271275949,"",1.24386696097727e-05,0.973098699858132,""
"dolphin_whistle","H_Havrda",4.21207918721569e-06,0.446423274125433,"",1.2094847176485e-06,0.651279363106831,"",1.15159562400028e-05,0.986338446837526,""
"dolphin_whistle","H_Renyi",4.34925727094972e-06,0.848443846807635,"",9.0212152379471e-07,0.878628991965887,"",1.19231301472116e-05,0.9023763547415,""
"dolphin_whistle","H_gamma",3.79594947038167e-06,0.764826535350215,"",1.52824668504038e-06,0.643071106930127,"",1.22548361433152e-05,0.8131540371652,""
"dolphin_whistle","H_pairedShannon",3.52671490529683e-06,0.863620573220608,"",1.16278165892163e-06,0.681635562187826,"",1.17083959436208e-05,0.779584468120699,""
"dolphin_whistle","Hf",4.57952008266958e-06,0.82267325719152,"",1.02229527287358e-06,0.707938451136225,"",1.22001629269829e-05,0.757966639565658,""
"dolphin_whistle","Ht",6.91062816705939e-06,0.458218703867827,"",1.76324494496926e-06,0.594689095162744,"",1.75757582401907e-05,0.498611974562475,""
"dolphin_whistle","KURTf",4.55379330159311e-06,0.716164054687673,"",1.4088359871452e-06,0.567786874611943,"",1.30098816418917e-05,0.977492581529691,""
"dolphin_whistle","KURTt",5.09305824375036e-06,0.465426119092595,"",7.19726397505402e-07,0.990394748344749,"",1.31824770747129e-05,0.47584132323796,""
"dolphin_whistle","LEQf",3.79121905161349e-06,0.83578114147379,"",1.36167035367094e-06,0.80598981662425,"",1.31016970634923e-05,0.908612445712179,""
"dolphin_whistle","LEQt",4.28963113027116e-06,0.609026556777381,"",1.11833446953351e-06,0.708532440373309,"",1.10694476054766e-05,0.706728968371156,""
"dolphin_whistle","LFC",0.762939017322304,0.0269856657014411,"*",1.72215205760494e-06,0.506103848877015,"",1.31047648923111e-05,0.830514269110667,""
"dolphin_whistle","MEANf",3.19393408176779e-06,0.80867611749389,"",1.24633420765791e-06,0.830417145357063,"",1.26989835803188e-05,0.853511959168014,""
"dolphin_whistle","MEANt",3.81899551482675e-06,0.787469564114612,"",6.81766855943768e-07,0.99610744276182,"",0.961566918077991,0.0357608635364797,"*"
"dolphin_whistle","MED",5.14552008757681e-06,0.425472783841395,"",1.10343600997754e-06,0.535638325390074,"",1.44918184416152e-05,0.897736139719026,""
"dolphin_whistle","MFC",3.96137620300622e-06,0.824127188327823,"",9.39422664708991e-07,0.870528020828693,"",0.900611997740864,0.000726026724240603,"***"
"dolphin_whistle","NBPEAKS",4.1330905846677e-06,0.923415970899175,"",1.1226659478655e-06,0.800037252790952,"",2.13169058457734e-05,0.466594390945296,""
"dolphin_whistle","NDSI",3.76729946143723e-06,0.783274436031847,"",1.28456197134619e-06,0.810651383438078,"",9.69608430187404e-06,0.907872506860917,""
"dolphin_whistle","RAOQ",4.58209885447144e-06,0.808959116040135,"",1.09899108937389e-06,0.673652752262019,"",9.42042889355005e-06,0.899034500950556,""
"dolphin_whistle","ROU",4.74807875027488e-06,0.665251577417616,"",1.25571878513184e-06,0.705175795516826,"",1.43938131740678e-05,0.912070814176723,""
"dolphin_whistle","SKEWf",4.66858403472759e-06,0.85086836268395,"",1.58103940379006e-06,0.669618614862498,"",1.43895860687293e-05,0.905382696016777,""
"dolphin_whistle","SKEWt",4.72457964827988e-06,0.47570958149383,"",3.64784126265708e-06,0.399272133622633,"",0.878469191750826,0.00360942744883508,"**"
"dolphin_whistle","SNRf",4.48523091856777e-06,0.914113515696927,"",3.76467460942189e-06,0.395958574085931,"",2.5069630547658e-05,0.435354330856079,""
"dolphin_whistle","SNRt",4.53705050930423e-06,0.573553792876545,"",1.14853385236179e-06,0.622528289645129,"",1.5182478525576e-05,0.316459715703014,""
"dolphin_whistle","TFSD",0.669032394849119,0.0709234082000061,".",9.29055853988208e-07,0.914259064709049,"",2.37104655853921e-05,0.55346128553454,""
"dolphin_whistle","VARf",4.90349904932394e-06,0.643304096849361,"",1.18639138510456e-06,0.621428970912394,"",1.17225108115555e-05,0.837338821101155,""
"dolphin_whistle","VARt",4.18373122884258e-06,0.513172070492258,"",1.41510980605571e-06,0.820488743896316,"",6.97737660824992e-06,0.590250178980406,""
"dolphin_whistle","ZCR",5.79644519662086e-06,0.29529205959283,"",0.204603492344381,0.262238045817335,"",1.64180670036419e-05,0.713482250477379,""
"dolphin_whistle","aROI",5.47093952524072e-06,0.261204429120168,"",1.30217571551605e-06,0.807673468023989,"",0.592884228403928,0.109379992726272,""
"dolphin_whistle","nROI",0.942057696097588,1.10439270999407e-05,"***",1.17196590332575e-06,0.936708395129134,"",1.06228679258193e-05,0.890518576850192,""
"dolphin_whistle","rBA",3.86343445296225e-06,0.779258864499205,"",1.27599482145014e-06,0.810268375644037,"",9.71460745928848e-06,0.907855277417685,""
"fish_activity","ACI",NA,NA,NA,0.840795551649054,0.0078681206882929,"**",0.887968055454994,0.0025198231944652,"**"
"fish_activity","ACTspCount",NA,NA,NA,0.00352335589916225,0.0327119334758452,"*",6.94731169968079e-05,0.917560858724146,""
"fish_activity","ACTspFract",NA,NA,NA,0.850915746537483,0.00473675271221996,"**",6.80297706272025e-05,0.938259963200418,""
"fish_activity","ACTspMean",NA,NA,NA,1.48652869380771,0,"***",7.8706129257905e-05,0.626725398867767,""
"fish_activity","ACTtCount",NA,NA,NA,8.41722501067685e-05,0.925588015575009,"",0.000238319100873813,0.0461141175953041,"*"
"fish_activity","ACTtFraction",NA,NA,NA,9.81808992569877e-05,0.915391293904612,"",0.87712994244116,0.00100710245189306,"**"
"fish_activity","ACTtMean",NA,NA,NA,0.000107978073565873,0.811561133568344,"",6.4031940847471e-05,0.574638531050593,""
"fish_activity","ADI",NA,NA,NA,0.000102397136980945,0.878744851410144,"",7.91010341421769e-05,0.866588279067873,""
"fish_activity","AEI",NA,NA,NA,0.80459992091395,0.020493492797756,"*",6.77540147880179e-05,0.739407875993012,""
"fish_activity","AGI",NA,NA,NA,0.00067841856771533,0.325020907591573,"",0.963138313338247,0,"***"
"fish_activity","AnthroEnergy",NA,NA,NA,1.69368295821965,6.30462315021063e-06,"***",6.59336463202174e-05,0.884777647356403,""
"fish_activity","BGNf",NA,NA,NA,0.000120003695677928,0.602255513540403,"",5.7150656858506e-05,0.56117630233246,""
"fish_activity","BGNt",NA,NA,NA,0.000154634486466018,0.402767662919633,"",5.41796878194663e-05,0.915440552211508,""
"fish_activity","BI",NA,NA,NA,0.123047660992392,0.274583581580485,"",1.23100229381035,6.57233086398534e-07,"***"
"fish_activity","BioEnergy",NA,NA,NA,0.0895835608219798,0.278965708403965,"",7.78960819853354e-05,0.901510643903258,""
"fish_activity","EAS",NA,NA,NA,9.67322725496112e-05,0.659225535842142,"",0.541755682134464,0.130791799995132,""
"fish_activity","ECU",NA,NA,NA,0.000103346812949529,0.965997949582329,"",9.14941375887054e-05,0.742061204948768,""
"fish_activity","ECV",NA,NA,NA,0.000105140649433927,0.918892986268466,"",0.911234451567822,0.00047349841470179,"***"
"fish_activity","ENRf",NA,NA,NA,0.000100546547000997,0.581857050235993,"",0.000103775948207581,0.248840137345349,""
"fish_activity","EPS",NA,NA,NA,0.95009038456113,2.60309243949042e-06,"***",0.526525922685767,0.128293206840719,""
"fish_activity","EPS_KURT",NA,NA,NA,0.729531987134032,0.0500765405038552,".",0.780922144927795,0.0266941557909001,"*"
"fish_activity","EPS_SKEW",NA,NA,NA,0.837427542459645,0.00974636476154445,"**",9.53832464454146e-05,0.503695313325284,""
"fish_activity","EVNspCount",NA,NA,NA,8.51803699611097e-05,0.485300500154041,"",0.399362908709124,0.176448593211096,""
"fish_activity","EVNspFract",NA,NA,NA,0.939694503824011,2.1834283053912e-05,"***",0.605620338228943,0.0922943268233436,"."
"fish_activity","EVNspMean",NA,NA,NA,7.19434109122933e-05,0.662140211318566,"",8.81099102254751e-05,0.433638356571801,""
"fish_activity","EVNtCount",NA,NA,NA,0.000115158437576621,0.512064471062619,"",0.907191945962104,0.00021135451395593,"***"
"fish_activity","EVNtFraction",NA,NA,NA,0.112955796591327,0.279929642563584,"",4.89201323278546e-05,0.548011977332814,""
"fish_activity","EVNtMean",NA,NA,NA,0.000114311534080026,0.673441667281645,"",0.707363560202048,0.0449456499795617,"*"
"fish_activity","HFC",NA,NA,NA,0.93207974801111,3.67274706065679e-05,"***",0.000130012913413756,0.426263991798422,""
"fish_activity","H_GiniSimpson",NA,NA,NA,6.10331925681974e-05,0.890653353829012,"",5.6168222177203e-05,0.984268852040768,""
"fish_activity","H_Havrda",NA,NA,NA,0.000122212874741476,0.787313562659064,"",5.21856381743918e-05,0.98855409995772,""
"fish_activity","H_Renyi",NA,NA,NA,0.000135654324871119,0.629696455266496,"",7.5654798113723e-05,0.651332244140093,""
"fish_activity","H_gamma",NA,NA,NA,0.927706721728107,7.86262720200437e-05,"***",0.972306303062712,0,"***"
"fish_activity","H_pairedShannon",NA,NA,NA,8.50820852194326e-05,0.825384071351876,"",6.5191463856046e-05,0.696781911967632,""
"fish_activity","Hf",NA,NA,NA,9.8547164181742e-05,0.833403090709452,"",4.80923858979997e-05,0.822440705605716,""
"fish_activity","Ht",NA,NA,NA,0.000132067214281993,0.251140522158971,"",0.897219874354559,0.00107008510088957,"**"
"fish_activity","KURTf",NA,NA,NA,0.000118971136084892,0.410545420276804,"",0.000114432872111799,0.501978337225114,""
"fish_activity","KURTt",NA,NA,NA,0.000211929554892116,0.479669960366934,"",4.39451373384107e-05,0.966888224491882,""
"fish_activity","LEQf",NA,NA,NA,0.000104053294070881,0.581507132267637,"",0.00010430353771556,0.249877584068769,""
"fish_activity","LEQt",NA,NA,NA,1.66172082380587,1.16226722255419e-05,"***",0.732713757440462,0.0406850919389603,"*"
"fish_activity","LFC",NA,NA,NA,1.84923969315408,0.000167214325450749,"***",0.688676181465097,0.0606812518396639,"."
"fish_activity","MEANf",NA,NA,NA,0.000230827935598487,0.522104773960585,"",0.62011007802018,0.082216728675223,"."
"fish_activity","MEANt",NA,NA,NA,0.000476667067336041,0.336971990068704,"",0.000117969449631499,0.659954739723248,""
"fish_activity","MED",NA,NA,NA,0.000166440599035563,0.673291442353751,"",4.95477703387061e-05,0.856512831736558,""
"fish_activity","MFC",NA,NA,NA,0.000147608659017992,0.311512328082438,"",7.06924701800631e-05,0.728225302766882,""
"fish_activity","NBPEAKS",NA,NA,NA,0.387539731094241,0.19789199869566,"",0.656414052635889,0.0846448644161396,"."
"fish_activity","NDSI",NA,NA,NA,7.94144595268587e-05,0.940569756963741,"",0.480180866072519,5.56736069468045e-07,"***"
"fish_activity","RAOQ",NA,NA,NA,0.000169451173576076,0.28049756701543,"",0.692443606954107,0.0593152728578549,"."
"fish_activity","ROU",NA,NA,NA,0.000120959191999021,0.709375428255492,"",5.7539349116498e-05,0.598908463352928,""
"fish_activity","SKEWf",NA,NA,NA,0.947275179077987,5.3956613862427e-06,"***",0.000115831626774126,0.456796533191547,""
"fish_activity","SKEWt",NA,NA,NA,8.4668800760745e-05,0.64770465605801,"",6.21538620373823e-05,0.960737061574831,""
"fish_activity","SNRf",NA,NA,NA,0.00013105873737381,0.747193927704503,"",5.12243664294177e-05,0.747005419303875,""
"fish_activity","SNRt",NA,NA,NA,9.84651180896023e-05,0.796004316945418,"",6.19256883296975e-05,0.66643021050148,""
"fish_activity","TFSD",NA,NA,NA,1.66739161234245,0,"***",0.676285070622679,0.24719958299977,""
"fish_activity","VARf",NA,NA,NA,0.00019513432395825,0.0676543396378383,".",4.93449982134229e-05,0.786738268401088,""
"fish_activity","VARt",NA,NA,NA,0.184376045134706,0.245268942935835,"",4.00638054265478e-05,0.949926267612999,""
"fish_activity","ZCR",NA,NA,NA,0.000110511482282334,0.815732362555285,"",0.954684312475895,1.28904014395914e-06,"***"
"fish_activity","aROI",NA,NA,NA,0.866667017187449,0.0039085375789496,"**",0.935659330914427,3.75517655413216e-05,"***"
"fish_activity","nROI",NA,NA,NA,0.940620495344716,0.000952125798450831,"***",1.66398750239771,4.72475627899538e-05,"***"
"fish_activity","rBA",NA,NA,NA,7.90819866606219e-05,0.940551400029175,"",0.476506455385305,5.56980898069881e-07,"***"
"fish_presence","ACI",7.99856831119641e-05,0.664583062733415,"",0.000100728724804668,0.417922016871036,"",0.00240390010232273,0.291329734089712,""
"fish_presence","ACTspCount",0.848922994343079,0.00549468319729074,"**",0.000119969978068994,0.350889082259363,"",5.8254701768487e-05,0.984344508432006,""
"fish_presence","ACTspFract",8.48981937789039e-05,0.209171181906629,"",5.12837074010872e-05,0.483637273672027,"",5.20691009955323e-05,0.989215892325775,""
"fish_presence","ACTspMean",0.908094021048545,0.000430351183852373,"***",0.607657048360219,0.0881645739973927,".",0.754506354289487,0.0316817831389724,"*"
"fish_presence","ACTtCount",0.000191216436712872,0.322525501419124,"",5.17800673178199e-05,0.343152936997017,"",6.48614864227271e-05,0.787634198541209,""
"fish_presence","ACTtFraction",0.00020264343463073,0.299823659667901,"",6.53216926356153e-05,0.432155591358844,"",5.94267956415539e-05,0.749684941123524,""
"fish_presence","ACTtMean",5.99576908875647e-05,0.987263209152342,"",0.961684569001449,0,"***",0.957122760224282,1.07408986560475e-06,"***"
"fish_presence","ADI",0.000100832122129722,0.93655430048911,"",6.33439995356409e-05,0.455232564542209,"",6.25573460929658e-05,0.57518554207508,""
"fish_presence","AEI",7.90731200083058e-05,0.764252976409699,"",0.789112014301828,0.0247378068971036,"*",0.200681015398245,0.238500799168943,""
"fish_presence","AGI",0.714189821246314,0.0481445493455457,"*",0.000110386689664774,0.479252075603421,"",0.920676138662197,8.82781654762965e-05,"***"
"fish_presence","AnthroEnergy",8.43790929589071e-05,0.604583773401332,"",6.38940990553678e-05,0.944819538550317,"",0.000237908280013525,0.201773000993966,""
"fish_presence","BGNf",9.75757251157658e-05,0.734936100596599,"",4.70667957335414e-05,0.503792399076108,"",2.7122182280939e-05,0.892543545520739,""
"fish_presence","BGNt",8.90778320414625e-05,0.93247991942907,"",4.45449226224338e-05,0.763810323952358,"",4.74146043105019e-05,0.538869367839659,""
"fish_presence","BI",0.853181238120777,0.00652522931233901,"**",5.87398453320523e-05,0.790397190317871,"",1.84519162030878,0,"***"
"fish_presence","BioEnergy",0.702393571679135,0.0602982148921276,".",0.906197821042067,0.000578765491357824,"***",4.1602442799227e-05,0.774156253374713,""
"fish_presence","EAS",0.836038305811034,0.0104558288381045,"*",0.76309924081213,0.0366033178614225,"*",4.87330410369601e-05,0.848369759104323,""
"fish_presence","ECU",0.863532072156061,0.0065955267818657,"**",0.000116707566790047,0.437176075849793,"",0.839691796641304,0.00522769176511939,"**"
"fish_presence","ECV",0.000124656561313391,0.452821468263098,"",8.48463445996794e-05,0.667052554167266,"",1.36998953638272,0.0024457172857798,"**"
"fish_presence","ENRf",0.383837762149465,0.0236466997686793,"*",0.377426506374816,0.0425924544948668,"*",4.59916647716747e-05,0.909304782446647,""
"fish_presence","EPS",1.79911268496829,0,"***",6.9422753026546e-05,0.97850929773066,"",4.23267374652222e-05,0.9255812334917,""
"fish_presence","EPS_KURT",8.893516641764e-05,0.915241003423699,"",0.781603682369726,0.0294014838184447,"*",6.94904701341605e-05,0.576148766119469,""
"fish_presence","EPS_SKEW",6.24692491454874e-05,0.75789546768289,"",9.33372599882351e-05,0.593926794602663,"",0.817770653956743,0.0165632639331401,"*"
"fish_presence","EVNspCount",0.000132574873548006,0.521851960914629,"",0.621054989454402,0.0865984010956435,".",0.842864057628349,0.00824250336356802,"**"
"fish_presence","EVNspFract",8.96009649741253e-05,0.725645751546694,"",7.56524703532834e-05,0.882003291303344,"",0.000144862682155494,0.36967555781529,""
"fish_presence","EVNspMean",0.000113001584222641,0.886874132995772,"",4.61163476735774e-05,0.838534340166041,"",4.97519458530907e-05,0.695302298871273,""
"fish_presence","EVNtCount",0.336172132489443,0.213167901057834,"",6.97846406960388e-05,0.862116346679173,"",0.689446799274399,0.0697445034602611,"."
"fish_presence","EVNtFraction",0.863768081915923,0.00459714629879082,"**",0.000115351955075412,0.49893973807974,"",6.36947522083465e-05,0.450133253974459,""
"fish_presence","EVNtMean",0.964504281473958,0,"***",0.76799431827277,0.031018805587244,"*",0.951977828232253,3.69168627134542e-06,"***"
"fish_presence","HFC",0.000118972194742477,0.510591921402291,"",6.18559573705925e-05,0.970612982834538,"",4.73746117133699e-05,0.966859095545659,""
"fish_presence","H_GiniSimpson",7.2503643787046e-05,0.995992050097195,"",3.4385890280668e-05,0.501281915414016,"",3.70841220809131e-05,0.675290683891884,""
"fish_presence","H_Havrda",5.54209624826972e-05,0.94383724334128,"",0.858843889764072,0.00555202128872367,"**",0.000110268533907277,0.380339913019702,""
"fish_presence","H_Renyi",0.000116188162580418,0.711790081608958,"",6.16650962451491e-05,0.54831624017847,"",3.56027762106818e-05,0.674955068872102,""
"fish_presence","H_gamma",0.000121479578368267,0.45309237444913,"",0.000103728608944765,0.462584185122639,"",0.900206623276655,0.000770847361802551,"***"
"fish_presence","H_pairedShannon",7.14589109330327e-05,0.883112269793711,"",0.00012980723602718,0.24246263878902,"",3.34102511267178e-05,0.952527713980967,""
"fish_presence","Hf",0.000102600625831289,0.854211858819867,"",0.000135189115522605,0.224925345359415,"",3.66420336264404e-05,0.951141637134131,""
"fish_presence","Ht",7.75522763785748e-05,0.865992170659167,"",4.60065503997611e-05,0.851320105555832,"",0.671029974848058,0.0711688130116473,"."
"fish_presence","KURTf",5.48087972261765e-05,0.917882499570335,"",4.85476372498435e-05,0.716740543358295,"",5.09300493034396e-05,0.981845400426421,""
"fish_presence","KURTt",9.30653596024641e-05,0.545744547534165,"",0.283503352382243,0.231735231338393,"",4.21451840958581e-05,0.951459080711502,""
"fish_presence","LEQf",0.390871364943491,0.0236467231840107,"*",0.338366819731614,0.0438998622718785,"*",4.64357630129459e-05,0.908649844630552,""
"fish_presence","LEQt",0.980702276531609,0,"***",5.99380980298014e-05,0.416270166357233,"",0.910795157962245,0.000338260518628064,"***"
"fish_presence","LFC",0.986651210683946,0,"***",0.90677695073481,0.000685076512445537,"***",0.832905972433028,0.0118640831443958,"*"
"fish_presence","MEANf",0.000103295715428445,0.671199483504221,"",0.895305796598264,0.000813939176356415,"***",0.75492567820119,0.034171083747469,"*"
"fish_presence","MEANt",0.000570354714672313,0.318565239314042,"",0.670149092077115,0.080799124145233,".",0.806395880922892,0.0229011623603687,"*"
"fish_presence","MED",0.490390684872305,0.153665598026117,"",4.43307659092553e-05,0.940442455876607,"",0.620436247315238,0.065830385140365,"."
"fish_presence","MFC",0.812754030120843,0.016059932425962,"*",0.00108670036359906,0.293876229325976,"",5.83053847184918e-05,0.785762192835858,""
"fish_presence","NBPEAKS",0.000116106514572044,0.589779082437242,"",7.53536786350991e-05,0.680946801236676,"",0.846729464798797,0.00929045099278536,"**"
"fish_presence","NDSI",0.355327108656369,0.0325687051854019,"*",0.93740432728976,0.000154706275742322,"***",0.471866950481279,0.000113828934882765,"***"
"fish_presence","RAOQ",0.634589026548008,0.0906097174732693,".",0.753977580417368,0.035832014722865,"*",5.56919170663515e-05,0.597530935207485,""
"fish_presence","ROU",8.86943829847538e-05,0.795541259752331,"",0.89535743239485,0.000942475159108835,"***",6.28724992852019e-05,0.558265492016039,""
"fish_presence","SKEWf",6.24628565151247e-05,0.739451678849313,"",7.30073106011822e-05,0.422925283342258,"",6.00399992136065e-05,0.881016050500607,""
"fish_presence","SKEWt",0.000135395030638037,0.499699636424335,"",0.000148874031205135,0.511199767938943,"",0.0131166976768309,0.302700766311539,""
"fish_presence","SNRf",8.56796593121992e-05,0.603553506916298,"",1.5852147011204,0.0178633417222566,"*",6.71904744258519e-05,0.752236739304812,""
"fish_presence","SNRt",8.74233388033414e-05,0.922333811660944,"",0.889748407695626,0.00189436240768592,"**",0.785607965750289,0.0135154782330466,"*"
"fish_presence","TFSD",7.65255990481636e-05,0.83030426098762,"",0.594789906558725,0.103981157826907,"",0.260317017302298,0.240331425012543,""
"fish_presence","VARf",0.933118968068085,3.31426676073443e-05,"***",0.855920459789737,0.00547298727865186,"**",0.736570128355756,0.0455389482318364,"*"
"fish_presence","VARt",0.905644897644838,0.000758532810048118,"***",3.29750667243266e-05,0.496410496945795,"",4.53644411756518e-05,0.858611322884899,""
"fish_presence","ZCR",8.88817088180928e-05,0.477666787696541,"",5.32447435770347e-05,0.87284913728925,"",0.654516982325378,0.0797794209364835,"."
"fish_presence","aROI",0.888577728636409,0.00137149172626527,"**",0.910783955185167,0.000358332947071216,"***",0.92593313703142,0.000162564800942677,"***"
"fish_presence","nROI",0.05819725319895,0.27545920288889,"",1.72120630881596,1.99764885425724e-05,"***",0.868059630180968,0.00530021022330107,"**"
"fish_presence","rBA",0.404436143612372,0.0325672847026579,"*",0.876508391968805,0.00019876430716248,"***",0.457659414890112,0.000113828761174939,"***"
"fish_richness","ACI",5.49017441360002e-05,0.624405052931882,"",0.823493063022894,0.0129154493866963,"*",0.915017831449372,0.0209731712294197,"*"
"fish_richness","ACTspCount",0.000287630740448107,0.313954534841641,"",4.41410283874592e-05,0.509253458782411,"",2.99131228154486e-05,0.841579997209047,""
"fish_richness","ACTspFract",0.000400027893497958,0.302806932260593,"",0.852328486784915,0.00474796467356398,"**",2.85479566572831e-05,0.832544851072676,""
"fish_richness","ACTspMean",1.29410314281745,0.000434241877472208,"***",0.893524974997992,0.00103661960399215,"**",0.64979752150508,0.0566436306642241,"."
"fish_richness","ACTtCount",0.875796595145571,0.0030878626916554,"**",6.09358491320735e-05,0.595056180839392,"",0.0001187528152938,0.0321953771504184,"*"
"fish_richness","ACTtFraction",0.00114707687009808,0.00491153367939656,"**",5.69436526281957e-05,0.552336948600422,"",0.779801651625063,0.0102223755594005,"*"
"fish_richness","ACTtMean",5.31012049213408e-05,0.759831007809753,"",3.77130508205576e-05,0.812733284109158,"",4.48444627637605e-05,0.742255695937369,""
"fish_richness","ADI",5.72445399816336e-05,0.658386256306951,"",3.00353929728556e-05,0.890019468983391,"",3.60515730554374e-05,0.974580846770256,""
"fish_richness","AEI",0.526058458720017,0.127648022071729,"",0.853940515344557,0.0068767544333892,"**",4.17702439594252e-05,0.95735729248337,""
"fish_richness","AGI",5.2792882661522e-05,0.7277529844535,"",0.748958613603752,0.0422667082243271,"*",0.739073435972859,0.0233584586816791,"*"
"fish_richness","AnthroEnergy",5.76475652462445e-05,0.75529548877141,"",0.75141550964655,0.0328848088279714,"*",4.14024176222248e-05,0.802076564199449,""
"fish_richness","BGNf",7.26667466483946e-05,0.660980502000465,"",0.846698822143856,0.00302650476539457,"**",0.906872855833137,0.000355170243899083,"***"
"fish_richness","BGNt",0.71181113339831,0.0284689441801957,"*",3.90626048084159e-05,0.959738516015894,"",4.84102331235525e-05,0.718018308497264,""
"fish_richness","BI",0.884803937034843,0.00987485673297361,"**",7.50711517337497e-05,0.73404366671055,"",1.21032496097101,0.00142302723924015,"**"
"fish_richness","BioEnergy",4.14408557504112e-05,0.61158296062431,"",5.44364797809393e-05,0.44491102777885,"",3.87103421245769e-05,0.93249124710829,""
"fish_richness","EAS",5.13148965749914e-05,0.971259983819698,"",7.26703065065431e-05,0.607477853485598,"",3.83027960790152e-05,0.56930968112961,""
"fish_richness","ECU",8.88880445636417e-05,0.538235372080522,"",4.37136832738214e-05,0.958923532113271,"",3.58876243684454e-05,0.93213076755206,""
"fish_richness","ECV",6.05540843683594e-05,0.877968675185385,"",3.93832648829715e-05,0.855713731620557,"",0.802128278140812,0.0214426175315579,"*"
"fish_richness","ENRf",0.43535542396416,0.00205360853918224,"**",2.210185445545e-05,0.977710114820692,"",3.70087256643197e-05,0.540152562323838,""
"fish_richness","EPS",0.848784963646644,0.00735325401973852,"**",0.534471815911046,0.127686001027613,"",0.51803404923175,0.124785586737324,""
"fish_richness","EPS_KURT",0.916911239400466,0.000324579170780548,"***",6.11695163167581e-05,0.719548439377537,"",0.597849308349447,0.0988916846233523,"."
"fish_richness","EPS_SKEW",8.78008667049753e-05,0.511079332540779,"",0.922997147030793,0.000166701680690329,"***",3.53946985535705e-05,0.948948151531215,""
"fish_richness","EVNspCount",0.100853227087381,0.266264508368215,"",3.0123674175961e-05,0.909969120061099,"",9.30869929959511e-05,0.480070743034579,""
"fish_richness","EVNspFract",0.000145656166217863,0.493435794167836,"",0.926534484131005,0.000100652480911512,"***",0.000163813628515383,0.298240207651513,""
"fish_richness","EVNspMean",4.76501100797896e-05,0.886202370127037,"",2.93041980251581e-05,0.954870461937758,"",2.94374971495501e-05,0.801777456979746,""
"fish_richness","EVNtCount",0.951819461012507,2.61841981741284e-06,"***",5.34894462738982e-05,0.650557239587133,"",0.865072166247916,0.00142745967889213,"**"
"fish_richness","EVNtFraction",8.66485960099072e-05,0.641763664805377,"",9.58351630999763e-05,0.435118899551563,"",4.01391810176948e-05,0.63947359860696,""
"fish_richness","EVNtMean",0.000169069459698143,0.367011502215913,"",4.39180151378738e-05,0.961507888206734,"",0.624769170485817,0.061862128440606,"."
"fish_richness","HFC",4.79851943811632e-05,0.888332695008219,"",0.93512400125802,3.89161743363786e-05,"***",4.33044633512252e-05,0.663721029056756,""
"fish_richness","H_GiniSimpson",3.28318452249635e-05,0.910820450068821,"",6.57884018697831e-05,0.616079376475714,"",3.18197834330143e-05,0.983895568668618,""
"fish_richness","H_Havrda",6.27045971552715e-05,0.96862447023755,"",5.02423088832812e-05,0.717430532505816,"",4.07371275136854e-05,0.959168563914518,""
"fish_richness","H_Renyi",6.14279132044512e-05,0.797410793933398,"",2.41843531800338e-05,0.893588881842885,"",2.29937938344956e-05,0.846958897855908,""
"fish_richness","H_gamma",5.67089723198447e-05,0.902773749611733,"",0.575361481513892,0.0937223522476182,".",0.937326753623924,2.36176856571735e-05,"***"
"fish_richness","H_pairedShannon",4.43432779756867e-05,0.981693116589721,"",2.77313090406263e-05,0.552399568553883,"",2.04344367813529e-05,0.844126652938219,""
"fish_richness","Hf",4.54179922408011e-05,0.982438298606831,"",3.01273544582314e-05,0.596967494104106,"",3.20221336667369e-05,0.83334657171248,""
"fish_richness","Ht",4.40404275320345e-05,0.986940690886147,"",8.65848686933164e-05,0.530323843458285,"",2.88495141819862e-05,0.750652166636393,""
"fish_richness","KURTf",6.06152977259084e-05,0.746856761567987,"",3.6903695715319e-05,0.786513036792116,"",4.19034444377782e-05,0.804596081893587,""
"fish_richness","KURTt",0.122261313420886,0.27569459188428,"",5.16430649731275e-05,0.909499518624052,"",2.56031454501701e-05,0.989441999806499,""
"fish_richness","LEQf",0.441369875072663,0.00205361812768501,"**",2.19054514288313e-05,0.977969854225681,"",4.3277212506808e-05,0.603943785805765,""
"fish_richness","LEQt",0.814335608329985,0.00648269041892913,"**",0.860699113878625,0.00587923117366851,"**",0.000606964845329857,0.315023465251104,""
"fish_richness","LFC",1.78528213238254,0.000562066708644116,"***",0.405240521635204,0.1849538347663,"",0.184933526730674,0.237315754120252,""
"fish_richness","MEANf",3.44952056985817e-05,0.806844441711721,"",4.29669821356322e-05,0.952660433037629,"",0.000125813347473672,0.358719553059538,""
"fish_richness","MEANt",0.00431569013563259,0.31807012208651,"",0.000104827480049482,0.45818046432419,"",4.47650690948633e-05,0.763129585532181,""
"fish_richness","MED",9.7948771338816e-05,0.52126772560114,"",3.72504443391823e-05,0.804944241705026,"",3.05967555446579e-05,0.886913012713028,""
"fish_richness","MFC",5.13199730265685e-05,0.872424646734883,"",0.81472921679895,0.0131146771762169,"*",2.51343835885624e-05,0.875438259396117,""
"fish_richness","NBPEAKS",5.63847588905993e-05,0.853963497615975,"",9.37217484577555e-05,0.538167795005619,"",0.603110470442905,0.102327410838211,""
"fish_richness","NDSI",0.224944430688841,0.159228684575543,"",2.87020720220325e-05,0.401680306388073,"",0.468387684729616,2.64527282901605e-05,"***"
"fish_richness","RAOQ",7.80366164472282e-05,0.805434447400122,"",3.54136377247823e-05,0.35801469097127,"",0.129563937524093,0.262494065331616,""
"fish_richness","ROU",7.9707780781412e-05,0.873154137578398,"",5.09533209652943e-05,0.54982777187434,"",5.7945521583658e-05,0.606288519453815,""
"fish_richness","SKEWf",4.05645345412549e-05,0.792595922147888,"",0.728868703861169,0.0359816042577259,"*",4.20869813312824e-05,0.80692767318626,""
"fish_richness","SKEWt",0.627239329767143,0.0979785796244617,".",6.39215917546348e-05,0.703954886654225,"",3.09969034670378e-05,0.790197471508342,""
"fish_richness","SNRf",1.60306701161923,0.000957725862799297,"***",6.51023222759867e-05,0.300899611092005,"",4.31531915944237e-05,0.872732929619942,""
"fish_richness","SNRt",5.1347900799647e-05,0.707445202051075,"",3.88685172369339e-05,0.806650353142642,"",2.56892052861618e-05,0.738834711745499,""
"fish_richness","TFSD",0.607157382828213,0.103266995042035,"",0.962440269440145,3.59445480824228e-07,"***",0.000118724323635836,0.513393769306178,""
"fish_richness","VARf",4.6919298347935e-05,0.771655589216721,"",8.48730953114321e-05,0.15361020010249,"",4.44598070317886e-05,0.82986346816886,""
"fish_richness","VARt",5.09122687187174e-05,0.95297160918602,"",4.42574905439208e-05,0.823386841973492,"",2.999958033834e-05,0.903547111654027,""
"fish_richness","ZCR",0.000109822478059465,0.300334888021875,"",5.87691477088115e-05,0.900119877645075,"",0.956149930745764,1.33712974670352e-06,"***"
"fish_richness","aROI",0.00114291285226459,0.28135132022116,"",3.76940559754398e-05,0.890929081507374,"",0.618204709186856,0.0941283004470677,"."
"fish_richness","nROI",0.418391055935934,0.172741495045942,"",6.74086857125908e-05,0.58489021683894,"",0.828912192646745,0.0115488421500151,"*"
"fish_richness","rBA",0.221010164276851,0.159209586307768,"",2.85763647984566e-05,0.402166798971477,"",0.467048712604035,2.64527138316151e-05,"***"
"vessel_presence","ACI",0.612334482607382,0.0986509726687418,".",0.793539179158389,0.0224392178434544,"*",4.82092902345558e-05,0.743654461125363,""
"vessel_presence","ACTspCount",0.898954624055696,0.000235372747012352,"***",5.44195125208225e-05,0.60494434649071,"",0.779922745867372,0.0173046377307464,"*"
"vessel_presence","ACTspFract",6.12823377793446e-05,0.0647927910409416,".",9.3868196255448e-05,0.2677329220617,"",0.000273862316039967,0.32356851525836,""
"vessel_presence","ACTspMean",2.47788076947063e-05,0.550126256400097,"",3.95894105290926e-05,0.870131713035016,"",0.740316003141179,0.0408166413477407,"*"
"vessel_presence","ACTtCount",0.000275779181599487,0.0279127964759012,"*",0.94305109896989,5.40479545185768e-06,"***",0.000206091967634272,0.155328745564032,""
"vessel_presence","ACTtFraction",1.35539911756221,0.000525838273796708,"***",8.89519322280514e-05,0.232468159352535,"",0.559341386353276,0.12506106887077,""
"vessel_presence","ACTtMean",5.67422282227539e-05,0.50479596485913,"",4.13061478010952e-05,0.404762975434928,"",0.970581139716203,0,"***"
"vessel_presence","ADI",0.792084882233256,0.0153419439903496,"*",4.79851149781124e-05,0.857051161939031,"",4.6359077755723e-05,0.779427931356908,""
"vessel_presence","AEI",1.51806163693171,0.000607031703963257,"***",0.783964057652236,0.0262987199718426,"*",0.642894336458419,0.0893272315507964,"."
"vessel_presence","AGI",0.750590649720941,0.0260630724132707,"*",6.3044043381543e-05,0.707991212626825,"",0.567805004597392,0.100002895355846,""
"vessel_presence","AnthroEnergy",4.36360676457517e-05,0.498094488436358,"",0.301658436885927,0.2024998794024,"",7.28437232533349e-05,0.568936339836857,""
"vessel_presence","BGNf",2.60201280286083e-05,0.995042680506155,"",5.1554550624963e-05,0.792677684820234,"",4.66771334598742e-05,0.702876001575584,""
"vessel_presence","BGNt",0.351065379478673,0.192831446449941,"",3.43371125073435e-05,0.99511683467342,"",0.907352391329287,0.000229184870693677,"***"
"vessel_presence","BI",2.66038147084327e-05,0.923341462541167,"",9.14211808290369e-05,0.516912836772233,"",1.2464626378261,0.00172563918417568,"**"
"vessel_presence","BioEnergy",0.000151197540064898,0.375144223404316,"",0.804146340488382,0.0200439164884241,"*",0.811852303673977,0.0158139721843478,"*"
"vessel_presence","EAS",0.855450996881182,0.0051876788002394,"**",5.09167277067457e-05,0.76106535741417,"",0.85140776748655,0.0070142072763244,"**"
"vessel_presence","ECU",0.620820443183119,0.0991410444007961,".",1.11408848119513,0.0201678480159616,"*",6.15285103300259e-05,0.503739053816884,""
"vessel_presence","ECV",0.000576957202975382,0.285461066457177,"",5.43136089041959e-05,0.341172293423443,"",0.723857431731581,0.0501324674769938,"."
"vessel_presence","ENRf",4.18358080021118e-05,0.812596931691337,"",3.62905548819027e-05,0.468429042876662,"",8.19824594383555e-05,0.519587241804462,""
"vessel_presence","EPS",5.52483824374465e-05,0.54025905759651,"",0.87790502191254,0.00331060167393615,"**",0.966283116097438,0,"***"
"vessel_presence","EPS_KURT",0.945764604028009,1.27960100717583e-05,"***",6.30209689487077e-05,0.678257729510235,"",1.68020011994174,8.61288727049825e-06,"***"
"vessel_presence","EPS_SKEW",2.23739068968748e-05,0.963819592014016,"",4.30895897269258e-05,0.849783870324252,"",0.000264601836295133,0.338119701685472,""
"vessel_presence","EVNspCount",0.679392456454477,0.0517878505855571,".",0.796427610835421,0.0173424617170342,"*",7.39440305521196e-05,0.877069722902669,""
"vessel_presence","EVNspFract",3.13287245503137e-05,0.856418649590494,"",4.19802302772682e-05,0.796106914132034,"",0.414085701863335,0.162822023152912,""
"vessel_presence","EVNspMean",0.855656163221196,0.00355585837070582,"**",0.000238985967034675,0.349638319134504,"",0.96109415865926,0,"***"
"vessel_presence","EVNtCount",0.0154634400449154,0.293174911549165,"",1.65403832537971,1.55528644429914e-06,"***",0.61223093059657,0.0960493442132306,"."
"vessel_presence","EVNtFraction",3.22694829929727e-05,0.642664212633735,"",6.88041128433628e-05,0.580648684827287,"",5.22011715969095e-05,0.85665382881497,""
"vessel_presence","EVNtMean",2.6687987017692e-05,0.676738166354016,"",1.75620980162083,0,"***",0.934061053016618,4.55358733983946e-05,"***"
"vessel_presence","HFC",5.8723217398009e-05,0.463376969756144,"",0.967500960861275,0,"***",0.924398327733242,3.29674326146057e-05,"***"
"vessel_presence","H_GiniSimpson",3.46323553128993e-05,0.962697716609079,"",6.14106578647449e-05,0.434969889392708,"",9.22756872671972e-05,0.601994597003125,""
"vessel_presence","H_Havrda",3.27874660220979e-05,0.991851896894281,"",7.39531512174052e-05,0.369946604831585,"",5.05351913474488e-05,0.435800911950947,""
"vessel_presence","H_Renyi",3.02943701816481e-05,0.541473803367164,"",4.63465504886392e-05,0.954312666276612,"",5.97245707634387e-05,0.944671328971156,""
"vessel_presence","H_gamma",4.58168339036296e-05,0.693291324934125,"",8.97215191770505e-05,0.320677976446392,"",0.800997207265768,0.0130814500237431,"*"
"vessel_presence","H_pairedShannon",2.4225665632681e-05,0.791962278221066,"",4.67209079424669e-05,0.446495288406231,"",5.28671767672471e-05,0.930508864046996,""
"vessel_presence","Hf",2.51130410469131e-05,0.782622600497897,"",9.27814071249935e-05,0.309881706075845,"",6.10479707477793e-05,0.889052182888434,""
"vessel_presence","Ht",2.3174054066079e-05,0.593089610042451,"",2.74646722485631e-05,0.656950289662212,"",0.571542927349942,0.101084258079896,""
"vessel_presence","KURTf",2.89768561092828e-05,0.680539092676359,"",0.770402636870135,0.0268191143315577,"*",0.845351260530682,0.00561278127149589,"**"
"vessel_presence","KURTt",3.34069913077957e-05,0.930344645659752,"",4.8358477816444e-05,0.98082155393055,"",0.26992836357924,0.222040722129866,""
"vessel_presence","LEQf",4.13368575624303e-05,0.811662090752691,"",3.62053055046569e-05,0.467616984377271,"",8.22560888823223e-05,0.513212245283282,""
"vessel_presence","LEQt",3.31561542830299e-05,0.634243845549396,"",0.861599124473568,0.00383784001401688,"**",7.12519680924081e-05,0.775024649010033,""
"vessel_presence","LFC",0.895351774532958,0.00141688797062489,"**",1.8386918150185,0,"***",1.82432767301766,0,"***"
"vessel_presence","MEANf",0.864089509649358,0.0050751529626123,"**",0.881057577751832,0.00231285394151826,"**",5.97573702511384e-05,0.561033186201578,""
"vessel_presence","MEANt",5.02764424608114e-05,0.790439470173944,"",7.47358656539507e-05,0.535697890378398,"",0.77703711094819,0.0333885265022293,"*"
"vessel_presence","MED",2.25810503815263e-05,0.485615379496302,"",2.5115653372511e-05,0.844435804596562,"",6.64580008610653e-05,0.899174014688517,""
"vessel_presence","MFC",0.861608822427473,0.00498458425069159,"**",1.77313830669661,0,"***",0.799503232412166,0.0187369358656155,"*"
"vessel_presence","NBPEAKS",2.99476138585892e-05,0.772508827187554,"",0.385161644163513,0.194528760779413,"",0.737552002509511,0.0425079478629775,"*"
"vessel_presence","NDSI",0.411974200176801,0.0123309954282,"*",4.13277046307762e-05,0.84814646092325,"",4.63953320147978e-05,0.825592790969112,""
"vessel_presence","RAOQ",0.146636702415267,0.247960402481135,"",0.789327232494198,0.0185284057902214,"*",7.44596445284743e-05,0.920179804387373,""
"vessel_presence","ROU",4.21744525304374e-05,0.52943441873513,"",4.8342541156717e-05,0.617349434544102,"",6.7681251740073e-05,0.588174984973928,""
"vessel_presence","SKEWf",0.739966462696502,0.0387936338778083,"*",2.32897711438864e-05,0.409916795645985,"",8.21974319972763e-05,0.445504123789015,""
"vessel_presence","SKEWt",3.83409244715489e-05,0.608380182115383,"",0.709048188247366,0.0612630708711276,".",0.000130408903372006,0.519946073306203,""
"vessel_presence","SNRf",0.876667379811895,0.00298340583222978,"**",2.62574489976428e-05,0.909902063842919,"",0.929297612033104,6.52759691363025e-05,"***"
"vessel_presence","SNRt",6.21062895181036e-05,0.473324144919788,"",0.796457664118676,0.015557135650403,"*",4.54267468631233e-05,0.659718543773742,""
"vessel_presence","TFSD",0.769500776418034,0.0344671731415819,"*",6.04062600405609e-05,0.949978851287476,"",1.45827669420394,0.00444138511299474,"**"
"vessel_presence","VARf",3.69954857328919e-05,0.526599651185846,"",0.000328624000491962,0.235131490163311,"",3.91596030671967e-05,0.789960039316612,""
"vessel_presence","VARt",3.25406023739995e-05,0.613953928859024,"",0.738380870191728,0.041614086758146,"*",0.00071688911697545,0.294106298497321,""
"vessel_presence","ZCR",4.50987016561241e-05,0.638334810885529,"",0.826521447784961,0.00874365171059388,"**",1.22318524273086,0.00197732101572956,"**"
"vessel_presence","aROI",0.925807076733889,0.000117315216045633,"***",1.91381332874013,0,"***",1.92910542001451,0,"***"
"vessel_presence","nROI",0.949163925123349,5.19014742117463e-06,"***",1.90996882338868,0,"***",1.8268868459824,0,"***"
"vessel_presence","rBA",0.40423229735142,0.0123309799362176,"*",3.97939286480129e-05,0.847274283436125,"",4.55891344498466e-05,0.825462547574675,""
