"metric","station","index","low_value","high_value","low_pred","high_pred","effect_size","effect_type"
"fish_presence","9M","ACI",376.223208329155,423.001047678914,0.754179776114737,0.754180599191912,8.23077175304832e-07,"probability_change"
"fish_presence","9M","ACTspCount",5647.7246093,8531.5886721,0.844265171888169,0.660815128614928,-0.183450043273241,"probability_change"
"fish_presence","9M","ACTspFract",0.149504032925215,0.22583986009951,0.754186384869149,0.754175104890362,-1.12799787869156e-05,"probability_change"
"fish_presence","9M","ACTspMean",21.2008774433035,27.859961163198,0.774264517761207,0.674746274005826,-0.099518243755381,"probability_change"
"fish_presence","9M","ACTtCount",4352.3,6508.9,0.754174262655524,0.754184141578973,9.87892344850305e-06,"probability_change"
"fish_presence","9M","ACTtFraction",0.230426725963575,0.344567979669631,0.75417367190636,0.754184540380028,1.08684736674913e-05,"probability_change"
"fish_presence","9M","ACTtMean",13.1510476154133,28.6456743672386,0.754179947130904,0.754180180084912,2.32954007750585e-07,"probability_change"
"fish_presence","9M","ADI",2.64878352948156,3.38209035837963,0.754180512994354,0.754179852425063,-6.60569290489299e-07,"probability_change"
"fish_presence","9M","AEI",0.413069405105575,0.64551821317171,0.754180197537981,0.754180468304763,2.70766782217713e-07,"probability_change"
"fish_presence","9M","AGI",1.7154331953445,3.22274197348194,0.794088160849285,0.720406999520696,-0.0736811613285897,"probability_change"
"fish_presence","9M","AnthroEnergy",0.00159423799999996,0.400173041478579,0.754178153165434,0.754179006849528,8.53684094193063e-07,"probability_change"
"fish_presence","9M","BGNf",-76.35535947,-65.40782556,0.754180593214673,0.754179633459017,-9.59755655838279e-07,"probability_change"
"fish_presence","9M","BGNt",-60.205068828,-43.670641237,0.754180711402111,0.75417962398507,-1.08741704107906e-06,"probability_change"
"fish_presence","9M","BI",1.27922688881356,23.9625680293599,0.812000248169775,0.707499774784361,-0.104500473385414,"probability_change"
"fish_presence","9M","BioEnergy",0.0256065641093165,0.271511183459017,0.740401413478661,0.767734672634972,0.0273332591563104,"probability_change"
"fish_presence","9M","EAS",0.0543480956092666,0.147050659220475,0.733677493385399,0.778198741505536,0.0445212481201367,"probability_change"
"fish_presence","9M","ECU",0.232516308634554,0.62031605950746,0.710738921709897,0.727907289627655,0.0171683679177584,"probability_change"
"fish_presence","9M","ECV",0.10082112641823,0.35153860651197,0.754181717216718,0.754178271455525,-3.44576119271078e-06,"probability_change"
"fish_presence","9M","ENRf",-60.920347549,-48.195459445,0.715980438023235,0.785030705008136,0.0690502669849006,"probability_change"
"fish_presence","9M","EPS",0.0118994739877391,0.0345401927057082,0.898041774889348,0.523985209450071,-0.374056565439277,"probability_change"
"fish_presence","9M","EPS_KURT",19.4358056729419,50.4580907765949,0.754180282266028,0.754180037482121,-2.44783906921953e-07,"probability_change"
"fish_presence","9M","EPS_SKEW",0.885223784705783,4.97030280971516,0.754179423696328,0.754180651580014,1.22788368561721e-06,"probability_change"
"fish_presence","9M","EVNspCount",1.22931008717151,4.3921560268389,0.754177372885568,0.754178444510455,1.07162488616197e-06,"probability_change"
"fish_presence","9M","EVNspFract",0.0226511933322303,0.0891545333,0.754181053741436,0.75417924352523,-1.81021620637711e-06,"probability_change"
"fish_presence","9M","EVNspMean",0.0175868442747206,0.0204896876351788,0.754180361274789,0.754179923354035,-4.37920753659782e-07,"probability_change"
"fish_presence","9M","EVNtCount",3.57223222319289,6.28904802244693,0.752964357889639,0.747538782931858,-0.00542557495778073,"probability_change"
"fish_presence","9M","EVNtFraction",0.160135129806313,0.292561414654807,0.698585637286369,0.800763834627367,0.102178197340998,"probability_change"
"fish_presence","9M","EVNtMean",0.0347245945530892,0.0566038832650655,0.824369163599568,0.67465291862486,-0.149716244974707,"probability_change"
"fish_presence","9M","HFC",0.153575575237502,0.247091455962393,0.754187186129278,0.754175063361767,-1.2122767511058e-05,"probability_change"
"fish_presence","9M","H_GiniSimpson",0.877678084774989,0.984233527955482,0.754179987762964,0.754180163674657,1.7591169310105e-07,"probability_change"
"fish_presence","9M","H_Havrda",0.322801639521089,0.333192859881231,0.754179859413856,0.754180207253458,3.47839601677613e-07,"probability_change"
"fish_presence","9M","H_Renyi",2.12941554979615,3.90494633885488,0.754179418892213,0.754181556231684,2.13733947085348e-06,"probability_change"
"fish_presence","9M","H_gamma",5171.98444113943,11421.6622937399,0.754181016497104,0.754181613766384,5.97269280366852e-07,"probability_change"
"fish_presence","9M","H_pairedShannon",4.14232895121337,5.65189259760191,0.754180171605976,0.754180255494519,8.38885436671433e-08,"probability_change"
"fish_presence","9M","Hf",0.580057172204718,0.840364103361561,0.754180148772683,0.754180418846774,2.700740914241e-07,"probability_change"
"fish_presence","9M","Ht",0.412674259749672,0.700027322626903,0.754179597834733,0.754180753639508,1.15580477466626e-06,"probability_change"
"fish_presence","9M","KURTf",5.98616427026074,41.2571801368111,0.754180350943517,0.754179732646453,-6.18297063548212e-07,"probability_change"
"fish_presence","9M","KURTt",60.3883918408132,14993.289967258,0.754179662604005,0.754180723611711,1.06100770591588e-06,"probability_change"
"fish_presence","9M","LEQf",198.559052537373,211.2839406445,0.715247811257449,0.785569094362389,0.0703212831049401,"probability_change"
"fish_presence","9M","LEQt",52.1573041861794,67.2800173591614,0.896425055659365,0.485894749650286,-0.410530306009079,"probability_change"
"fish_presence","9M","LFC",0.159220401110471,0.298177145528626,0.325284803376439,0.969281945256253,0.643997141879814,"probability_change"
"fish_presence","9M","MEANf",4.19131008518586e-05,0.000143505581463214,0.754177490290519,0.754182042520165,4.55222964601543e-06,"probability_change"
"fish_presence","9M","MEANt",-4.376e-19,4.21564370629702e-19,0.754180852043915,0.754179999745302,-8.52298612685765e-07,"probability_change"
"fish_presence","9M","MED",0.0009916657,0.0072386542,0.745626022257493,0.764510465988611,0.0188844437311182,"probability_change"
"fish_presence","9M","MFC",0.160237485641878,0.27483385319497,0.664622532819066,0.747362153411532,0.0827396205924663,"probability_change"
"fish_presence","9M","NBPEAKS",5.5,16,0.754180799253443,0.754179286925602,-1.51232784162403e-06,"probability_change"
"fish_presence","9M","NDSI",-0.0808149091499999,0.912704683615213,0.784339675015974,0.740587523523105,-0.0437521514928686,"probability_change"
"fish_presence","9M","RAOQ",0.262816386727709,0.520890192950789,0.762872302794725,0.769348218980121,0.00647591618539611,"probability_change"
"fish_presence","9M","ROU",0.0877551431234491,1.49111866570611,0.754179232353903,0.754179977894714,7.45540811419865e-07,"probability_change"
"fish_presence","9M","SKEWf",1.73697987390756,5.31197952499008,0.754180741789542,0.754179614591882,-1.12719765943403e-06,"probability_change"
"fish_presence","9M","SKEWt",-15.0570849978,0.640572414304808,0.754179058178823,0.754180751979607,1.69380078451908e-06,"probability_change"
"fish_presence","9M","SNRf",12.0276157587265,22.3083486232772,0.754179069233842,0.754179261437036,1.9220319402713e-07,"probability_change"
"fish_presence","9M","SNRt",8.58477056240381,23.0948350901902,0.754179680947659,0.75418054325088,8.62303221493832e-07,"probability_change"
"fish_presence","9M","TFSD",0.374211685870692,0.382170694514857,0.754180377120946,0.754179732869394,-6.44251552328612e-07,"probability_change"
"fish_presence","9M","VARf",1.44203912670208e-09,5.54303635368389e-08,0.664477840748407,0.716601744261959,0.052123903513552,"probability_change"
"fish_presence","9M","VARt",2.29603569169663e-06,9.4042670587449e-05,0.76171140089695,0.747869818524969,-0.0138415823719809,"probability_change"
"fish_presence","9M","ZCR",1752.98717400979,15062.3535776684,0.754178610099272,0.75418123199823,2.621898957611e-06,"probability_change"
"fish_presence","9M","aROI",0.56408318166777,2.96385051290536,0.623290928858616,0.847077596960137,0.223786668101521,"probability_change"
"fish_presence","9M","nROI",58.8186631369954,399.360531908363,0.751691859807373,0.75644295441041,0.00475109460303758,"probability_change"
"fish_presence","9M","rBA",0.459592545497771,0.956352341837349,0.788290369405732,0.738670763990324,-0.0496196054154076,"probability_change"
"dolphin_presence","9M","ACI",376.223208329155,423.001047678914,0.202651540753368,0.15587362336621,-0.0467779173871581,"probability_change"
"dolphin_presence","9M","ACTspCount",5647.7246093,8531.5886721,0.181686584339837,0.18171377689478,2.7192554942379e-05,"probability_change"
"dolphin_presence","9M","ACTspFract",0.149504032925215,0.22583986009951,0.125843132308225,0.218623428377638,0.092780296069413,"probability_change"
"dolphin_presence","9M","ACTspMean",21.2008774433035,27.859961163198,0.181705498540156,0.181703918916897,-1.57962325952887e-06,"probability_change"
"dolphin_presence","9M","ACTtCount",4352.3,6508.9,0.181705896121124,0.181703769220164,-2.12690096021428e-06,"probability_change"
"dolphin_presence","9M","ACTtFraction",0.230426725963575,0.344567979669631,0.181705587901172,0.181704003697755,-1.58420341708765e-06,"probability_change"
"dolphin_presence","9M","ACTtMean",13.1510476154133,28.6456743672386,0.181705438310875,0.181704833247565,-6.05063309705445e-07,"probability_change"
"dolphin_presence","9M","ADI",2.64878352948156,3.38209035837963,0.329717533677426,0.11012005247299,-0.219597481204436,"probability_change"
"dolphin_presence","9M","AEI",0.413069405105575,0.64551821317171,0.355165048803353,0.0602814334818669,-0.294883615321486,"probability_change"
"dolphin_presence","9M","AGI",1.7154331953445,3.22274197348194,0.181712116912848,0.181700744424659,-1.13724881894983e-05,"probability_change"
"dolphin_presence","9M","AnthroEnergy",0.00159423799999996,0.400173041478579,0.181704784694892,0.181704776495643,-8.19924877992761e-09,"probability_change"
"dolphin_presence","9M","BGNf",-76.35535947,-65.40782556,0.181704436833894,0.181705159617513,7.22783618734013e-07,"probability_change"
"dolphin_presence","9M","BGNt",-60.205068828,-43.670641237,0.15232928237488,0.191415053533024,0.0390857711581442,"probability_change"
"dolphin_presence","9M","BI",1.27922688881356,23.9625680293599,0.181704932179585,0.181704538366516,-3.93813069099469e-07,"probability_change"
"dolphin_presence","9M","BioEnergy",0.0256065641093165,0.271511183459017,0.181704852872795,0.181704676996719,-1.7587607620273e-07,"probability_change"
"dolphin_presence","9M","EAS",0.0543480956092666,0.147050659220475,0.181704233942652,0.181705234490231,1.00054757926071e-06,"probability_change"
"dolphin_presence","9M","ECU",0.232516308634554,0.62031605950746,0.181703803942699,0.181704188261227,3.84318528529048e-07,"probability_change"
"dolphin_presence","9M","ECV",0.10082112641823,0.35153860651197,0.181702799751828,0.181705552765728,2.75301389979221e-06,"probability_change"
"dolphin_presence","9M","ENRf",-60.920347549,-48.195459445,0.189403545540207,0.179621963329059,-0.0097815822111473,"probability_change"
"dolphin_presence","9M","EPS",0.0118994739877391,0.0345401927057082,0.142471185223759,0.222614611013189,0.08014342578943,"probability_change"
"dolphin_presence","9M","EPS_KURT",19.4358056729419,50.4580907765949,0.207188285388506,0.151281721985959,-0.0559065634025468,"probability_change"
"dolphin_presence","9M","EPS_SKEW",0.885223784705783,4.97030280971516,0.181704061162786,0.181705289214106,1.22805131946846e-06,"probability_change"
"dolphin_presence","9M","EVNspCount",1.22931008717151,4.3921560268389,0.181704326808706,0.181704963326222,6.36517516611201e-07,"probability_change"
"dolphin_presence","9M","EVNspFract",0.0226511933322303,0.0891545333,0.181704020772776,0.18170503427464,1.01350186351712e-06,"probability_change"
"dolphin_presence","9M","EVNspMean",0.0175868442747206,0.0204896876351788,0.202987401611265,0.167632970353822,-0.0353544312574424,"probability_change"
"dolphin_presence","9M","EVNtCount",3.57223222319289,6.28904802244693,0.197248039079572,0.170645094092898,-0.0266029449866739,"probability_change"
"dolphin_presence","9M","EVNtFraction",0.160135129806313,0.292561414654807,0.181309835037766,0.153134551522156,-0.0281752835156092,"probability_change"
"dolphin_presence","9M","EVNtMean",0.0347245945530892,0.0566038832650655,0.181704700784333,0.181704825335787,1.24551453845045e-07,"probability_change"
"dolphin_presence","9M","HFC",0.153575575237502,0.247091455962393,0.181703872085654,0.181704841263462,9.69177808785027e-07,"probability_change"
"dolphin_presence","9M","H_GiniSimpson",0.877678084774989,0.984233527955482,0.181705157474247,0.181704574705086,-5.82769161511232e-07,"probability_change"
"dolphin_presence","9M","H_Havrda",0.322801639521089,0.333192859881231,0.181705623180978,0.181704410165297,-1.21301568106746e-06,"probability_change"
"dolphin_presence","9M","H_Renyi",2.12941554979615,3.90494633885488,0.181705119945064,0.181704583015509,-5.36929555067234e-07,"probability_change"
"dolphin_presence","9M","H_gamma",5171.98444113943,11421.6622937399,0.184367448354791,0.196638248497312,0.0122708001425215,"probability_change"
"dolphin_presence","9M","H_pairedShannon",4.14232895121337,5.65189259760191,0.181704813378697,0.181705042871942,2.29493244768841e-07,"probability_change"
"dolphin_presence","9M","Hf",0.580057172204718,0.840364103361561,0.181704788212201,0.181705063059563,2.74847361619868e-07,"probability_change"
"dolphin_presence","9M","Ht",0.412674259749672,0.700027322626903,0.160614395596175,0.211262776239843,0.0506483806436678,"probability_change"
"dolphin_presence","9M","KURTf",5.98616427026074,41.2571801368111,0.181704813779961,0.181704696222636,-1.17557325124418e-07,"probability_change"
"dolphin_presence","9M","KURTt",60.3883918408132,14993.289967258,0.172300651975095,0.195606476943341,0.0233058249682453,"probability_change"
"dolphin_presence","9M","LEQf",198.559052537373,211.2839406445,0.187910502059695,0.18001929048415,-0.00789121157554451,"probability_change"
"dolphin_presence","9M","LEQt",52.1573041861794,67.2800173591614,0.140883110739078,0.238542485548265,0.0976593748091871,"probability_change"
"dolphin_presence","9M","LFC",0.159220401110471,0.298177145528626,0.181705618992414,0.181704618159669,-1.00083274565121e-06,"probability_change"
"dolphin_presence","9M","MEANf",4.19131008518586e-05,0.000143505581463214,0.181704789867416,0.181704735300074,-5.45673418950177e-08,"probability_change"
"dolphin_presence","9M","MEANt",-4.376e-19,4.21564370629702e-19,0.181704834147629,0.181704727709094,-1.06438534902553e-07,"probability_change"
"dolphin_presence","9M","MED",0.0009916657,0.0072386542,0.181704817865666,0.181704701634738,-1.1623092779911e-07,"probability_change"
"dolphin_presence","9M","MFC",0.160237485641878,0.27483385319497,0.181712679651334,0.181698281146985,-1.43985043491446e-05,"probability_change"
"dolphin_presence","9M","NBPEAKS",5.5,16,0.196578480771009,0.164443768720946,-0.0321347120500624,"probability_change"
"dolphin_presence","9M","NDSI",-0.0808149091499999,0.912704683615213,0.181702295674227,0.181707007581109,4.711906881949e-06,"probability_change"
"dolphin_presence","9M","RAOQ",0.262816386727709,0.520890192950789,0.181705701245022,0.181704569050109,-1.13219491285066e-06,"probability_change"
"dolphin_presence","9M","ROU",0.0877551431234491,1.49111866570611,0.1817049112589,0.181704787147951,-1.24110949045741e-07,"probability_change"
"dolphin_presence","9M","SKEWf",1.73697987390756,5.31197952499008,0.181704711113622,0.181704882662902,1.7154928003138e-07,"probability_change"
"dolphin_presence","9M","SKEWt",-15.0570849978,0.640572414304808,0.181704620315511,0.181704873355183,2.53039672049038e-07,"probability_change"
"dolphin_presence","9M","SNRf",12.0276157587265,22.3083486232772,0.181705019325088,0.181705132162091,1.12837002408384e-07,"probability_change"
"dolphin_presence","9M","SNRt",8.58477056240381,23.0948350901902,0.181706689623689,0.181705481991817,-1.20763187172468e-06,"probability_change"
"dolphin_presence","9M","TFSD",0.374211685870692,0.382170694514857,0.238741088218207,0.120220662125362,-0.118520426092845,"probability_change"
"dolphin_presence","9M","VARf",1.44203912670208e-09,5.54303635368389e-08,0.181704783182429,0.181704773560099,-9.62232990509015e-09,"probability_change"
"dolphin_presence","9M","VARt",2.29603569169663e-06,9.4042670587449e-05,0.18170493256308,0.181704628984336,-3.03578744254018e-07,"probability_change"
"dolphin_presence","9M","ZCR",1752.98717400979,15062.3535776684,0.181704639994932,0.181704933495862,2.93500929948731e-07,"probability_change"
"dolphin_presence","9M","aROI",0.56408318166777,2.96385051290536,0.292147251193131,0.109296701115408,-0.182850550077723,"probability_change"
"dolphin_presence","9M","nROI",58.8186631369954,399.360531908363,0.181706599619872,0.18170269688878,-3.90273109182604e-06,"probability_change"
"dolphin_presence","9M","rBA",0.459592545497771,0.956352341837349,0.181702314470934,0.181706985945101,4.67147416766123e-06,"probability_change"
"vessel_presence","9M","ACI",376.223208329155,423.001047678914,0.00482102361959624,0.00643991523118113,0.00161889161158489,"probability_change"
"vessel_presence","9M","ACTspCount",5647.7246093,8531.5886721,0.00126501005650186,0.0173166975681832,0.0160516875116813,"probability_change"
"vessel_presence","9M","ACTspFract",0.149504032925215,0.22583986009951,0.00544862364306494,0.00544929989879161,6.76255726663605e-07,"probability_change"
"vessel_presence","9M","ACTspMean",21.2008774433035,27.859961163198,0.00544898576164282,0.00544901303581877,2.72741759411652e-08,"probability_change"
"vessel_presence","9M","ACTtCount",4352.3,6508.9,0.00544959322351166,0.00544849733732253,-1.09588618912426e-06,"probability_change"
"vessel_presence","9M","ACTtFraction",0.230426725963575,0.344567979669631,0.00929569690627089,0.00340415641892873,-0.00589154048734216,"probability_change"
"vessel_presence","9M","ACTtMean",13.1510476154133,28.6456743672386,0.00544895655523073,0.00544901780238382,6.12471530887782e-08,"probability_change"
"vessel_presence","9M","ADI",2.64878352948156,3.38209035837963,0.00878874564267454,0.00370948248524674,-0.0050792631574278,"probability_change"
"vessel_presence","9M","AEI",0.413069405105575,0.64551821317171,0.00289103311086158,0.0104329018980012,0.00754186878713958,"probability_change"
"vessel_presence","9M","AGI",1.7154331953445,3.22274197348194,0.00898129011378225,0.00417945901121902,-0.00480183110256323,"probability_change"
"vessel_presence","9M","AnthroEnergy",0.00159423799999996,0.400173041478579,0.005449001917932,0.00544900037371532,-1.54421668768084e-09,"probability_change"
"vessel_presence","9M","BGNf",-76.35535947,-65.40782556,0.0054489982976269,0.00544899865686773,3.59240830659358e-10,"probability_change"
"vessel_presence","9M","BGNt",-60.205068828,-43.670641237,0.00614459646610712,0.00525446467538792,-0.000890131790719203,"probability_change"
"vessel_presence","9M","BI",1.27922688881356,23.9625680293599,0.00544900302074589,0.00544899406608645,-8.95465944537183e-09,"probability_change"
"vessel_presence","9M","BioEnergy",0.0256065641093165,0.271511183459017,0.00544898074784499,0.0054490164394231,3.56915781122777e-08,"probability_change"
"vessel_presence","9M","EAS",0.0543480956092666,0.147050659220475,0.00760068155383568,0.004076062431617,-0.00352461912221868,"probability_change"
"vessel_presence","9M","ECU",0.232516308634554,0.62031605950746,0.00462344642949745,0.00492386968823088,0.00030042325873343,"probability_change"
"vessel_presence","9M","ECV",0.10082112641823,0.35153860651197,0.0054484154219349,0.00544920774895065,7.92327015753345e-07,"probability_change"
"vessel_presence","9M","ENRf",-60.920347549,-48.195459445,0.00544899895301338,0.005448990160605,-8.79240838035783e-09,"probability_change"
"vessel_presence","9M","EPS",0.0118994739877391,0.0345401927057082,0.00544896921113107,0.00544903012022551,6.09090944478016e-08,"probability_change"
"vessel_presence","9M","EPS_KURT",19.4358056729419,50.4580907765949,0.00756178683739254,0.00349885797415221,-0.00406292886324033,"probability_change"
"vessel_presence","9M","EPS_SKEW",0.885223784705783,4.97030280971516,0.00544900261065462,0.00544899430900195,-8.30165266564598e-09,"probability_change"
"vessel_presence","9M","EVNspCount",1.22931008717151,4.3921560268389,0.0101907435480328,0.00339454485664312,-0.00679619869138969,"probability_change"
"vessel_presence","9M","EVNspFract",0.0226511933322303,0.0891545333,0.00544901606597019,0.00544898463492955,-3.14310406451801e-08,"probability_change"
"vessel_presence","9M","EVNspMean",0.0175868442747206,0.0204896876351788,0.00456641976382046,0.00617915951331246,0.001612739749492,"probability_change"
"vessel_presence","9M","EVNtCount",3.57223222319289,6.28904802244693,0.00546315664130511,0.00543833727887851,-2.48193624265997e-05,"probability_change"
"vessel_presence","9M","EVNtFraction",0.160135129806313,0.292561414654807,0.00544901605468778,0.00544897545482597,-4.05998618058234e-08,"probability_change"
"vessel_presence","9M","EVNtMean",0.0347245945530892,0.0566038832650655,0.00544899122903131,0.00544900501111675,1.37820854355722e-08,"probability_change"
"vessel_presence","9M","HFC",0.153575575237502,0.247091455962393,0.00544878363382699,0.00544916956380474,3.85929977747036e-07,"probability_change"
"vessel_presence","9M","H_GiniSimpson",0.877678084774989,0.984233527955482,0.00544899506369598,0.00544899999270459,4.92900860231404e-09,"probability_change"
"vessel_presence","9M","H_Havrda",0.322801639521089,0.333192859881231,0.00544899705117856,0.00544899894025461,1.88907605096905e-09,"probability_change"
"vessel_presence","9M","H_Renyi",2.12941554979615,3.90494633885488,0.005449014447026,0.00544897475709263,-3.96899333624662e-08,"probability_change"
"vessel_presence","9M","H_gamma",5171.98444113943,11421.6622937399,0.00544899716740556,0.00544897647225322,-2.06951523409535e-08,"probability_change"
"vessel_presence","9M","H_pairedShannon",4.14232895121337,5.65189259760191,0.00544900113906438,0.0054489917659361,-9.37312827874182e-09,"probability_change"
"vessel_presence","9M","Hf",0.580057172204718,0.840364103361561,0.00544900104460066,0.00544899119744649,-9.84715417193249e-09,"probability_change"
"vessel_presence","9M","Ht",0.412674259749672,0.700027322626903,0.00544899476642591,0.00544898878055706,-5.98586884226204e-09,"probability_change"
"vessel_presence","9M","KURTf",5.98616427026074,41.2571801368111,0.00544898814904232,0.00544901369637853,2.55473362065911e-08,"probability_change"
"vessel_presence","9M","KURTt",60.3883918408132,14993.289967258,0.00544900070147187,0.00544899513892973,-5.56254214825053e-09,"probability_change"
"vessel_presence","9M","LEQf",198.559052537373,211.2839406445,0.00544899938590416,0.00544898998961451,-9.39628964566341e-09,"probability_change"
"vessel_presence","9M","LEQt",52.1573041861794,67.2800173591614,0.00544901107384873,0.00544898199352978,-2.90803189506236e-08,"probability_change"
"vessel_presence","9M","LFC",0.159220401110471,0.298177145528626,0.00261415361216085,0.00402514769781207,0.00141099408565122,"probability_change"
"vessel_presence","9M","MEANf",4.19131008518586e-05,0.000143505581463214,0.0087971561705578,0.00380347764955549,-0.00499367852100231,"probability_change"
"vessel_presence","9M","MEANt",-4.376e-19,4.21564370629702e-19,0.00544900302025501,0.00544899395033986,-9.06991515746414e-09,"probability_change"
"vessel_presence","9M","MED",0.0009916657,0.0072386542,0.00544900456007553,0.00544899075421257,-1.38058629641294e-08,"probability_change"
"vessel_presence","9M","MFC",0.160237485641878,0.27483385319497,0.00201454812070637,0.011770802208976,0.0097562540882696,"probability_change"
"vessel_presence","9M","NBPEAKS",5.5,16,0.00544899566869679,0.00544899996548968,4.29679289457724e-09,"probability_change"
"vessel_presence","9M","NDSI",-0.0808149091499999,0.912704683615213,0.00460294626520519,0.00639312246692117,0.00179017620171598,"probability_change"
"vessel_presence","9M","RAOQ",0.262816386727709,0.520890192950789,0.00539147760624647,0.00534806434210314,-4.3413264143333e-05,"probability_change"
"vessel_presence","9M","ROU",0.0877551431234491,1.49111866570611,0.00544900117166645,0.0054489987931411,-2.37852534543115e-09,"probability_change"
"vessel_presence","9M","SKEWf",1.73697987390756,5.31197952499008,0.00397253870768563,0.00674109747117385,0.00276855876348822,"probability_change"
"vessel_presence","9M","SKEWt",-15.0570849978,0.640572414304808,0.0054490136772736,0.00544898807811468,-2.55991589159094e-08,"probability_change"
"vessel_presence","9M","SNRf",12.0276157587265,22.3083486232772,0.00405789248980721,0.00397221750115456,-8.56749886526502e-05,"probability_change"
"vessel_presence","9M","SNRt",8.58477056240381,23.0948350901902,0.00544895207710809,0.00544902547668571,7.33995776198634e-08,"probability_change"
"vessel_presence","9M","TFSD",0.374211685870692,0.382170694514857,0.00634445518700374,0.00439259626654309,-0.00195185892046065,"probability_change"
"vessel_presence","9M","VARf",1.44203912670208e-09,5.54303635368389e-08,0.00544900122232664,0.00544899963940323,-1.58292340866895e-09,"probability_change"
"vessel_presence","9M","VARt",2.29603569169663e-06,9.4042670587449e-05,0.00544900188132677,0.00544899551422759,-6.36709917602174e-09,"probability_change"
"vessel_presence","9M","ZCR",1752.98717400979,15062.3535776684,0.00544897426340001,0.00544901171977844,3.7456378427711e-08,"probability_change"
"vessel_presence","9M","aROI",0.56408318166777,2.96385051290536,0.0174073919938639,0.00177929376712113,-0.0156280982267428,"probability_change"
"vessel_presence","9M","nROI",58.8186631369954,399.360531908363,0.00198022877645763,0.0136980688367957,0.011717840060338,"probability_change"
"vessel_presence","9M","rBA",0.459592545497771,0.956352341837349,0.0046175714699335,0.00637396187399783,0.00175639040406433,"probability_change"
"fish_presence","14M","ACI",383.042590772236,422.56267700391,0.810185004311538,0.810182459785682,-2.54452585601861e-06,"probability_change"
"fish_presence","14M","ACTspCount",7448.1527347,12246.9648435,0.810190681462131,0.810179855895617,-1.08255665141055e-05,"probability_change"
"fish_presence","14M","ACTspFract",0.197196455162144,0.324161103131784,0.810186218290948,0.810182727982146,-3.4903088016458e-06,"probability_change"
"fish_presence","14M","ACTspMean",19.9417593010449,27.4422875948255,0.771538184618351,0.84671387712763,0.0751756925092787,"probability_change"
"fish_presence","14M","ACTtCount",5574.7,7671.15,0.810185208641165,0.810182867655979,-2.34098518614445e-06,"probability_change"
"fish_presence","14M","ACTtFraction",0.295181408945319,0.406104404913172,0.810185254126265,0.810182708541821,-2.54558444423569e-06,"probability_change"
"fish_presence","14M","ACTtMean",14.9897019834335,29.5424987814811,0.644896138719142,0.911919873499236,0.267023734780093,"probability_change"
"fish_presence","14M","ADI",3.12794032042271,3.43588116525521,0.810182556021679,0.810185122116297,2.56609461735113e-06,"probability_change"
"fish_presence","14M","AEI",0.375836939705745,0.537160257183452,0.83706514686678,0.771171316649576,-0.065893830217204,"probability_change"
"fish_presence","14M","AGI",2.80586569106622,4.32110780512903,0.810182614301155,0.81018364497116,1.03067000467583e-06,"probability_change"
"fish_presence","14M","AnthroEnergy",0.00339155255000008,2.90241500822404,0.810184530141458,0.810183656955163,-8.73186294714223e-07,"probability_change"
"fish_presence","14M","BGNf",-74.6881392085,-51.3510880495,0.810181715634801,0.810186815282283,5.0996474817433e-06,"probability_change"
"fish_presence","14M","BGNt",-57.6138707835,-34.0627725845,0.8101852925472,0.810183966067505,-1.32647969552924e-06,"probability_change"
"fish_presence","14M","BI",1.34372927622507,58.5872778351124,0.810183355788008,0.810184124621076,7.68833068098829e-07,"probability_change"
"fish_presence","14M","BioEnergy",0.113376619728481,1.69694883326628,0.888114156771618,0.712619257332583,-0.175494899439035,"probability_change"
"fish_presence","14M","EAS",0.0140106531958581,0.0755681291233451,0.771992239419908,0.845558863996208,0.0735666245763003,"probability_change"
"fish_presence","14M","ECU",0.0938525160723608,0.315486863408469,0.810182192826509,0.810185364887329,3.17206081923427e-06,"probability_change"
"fish_presence","14M","ECV",0.0459546699360675,0.165008558770828,0.810183402210548,0.810184614052617,1.21184206880454e-06,"probability_change"
"fish_presence","14M","ENRf",-53.743621042,-39.408607966,0.772147443664022,0.787921540725059,0.0157740970610369,"probability_change"
"fish_presence","14M","EPS",0.0204008246519803,0.0642826012213483,0.81018401196353,0.810184129371489,1.17407958577509e-07,"probability_change"
"fish_presence","14M","EPS_KURT",11.6273662974633,108.232311991643,0.749488862989672,0.763643291432837,0.0141544284431655,"probability_change"
"fish_presence","14M","EPS_SKEW",1.16751990495447,7.68808964818736,0.810184903669174,0.810186344912603,1.44124342882357e-06,"probability_change"
"fish_presence","14M","EVNspCount",3.37330671006088,7.89445489379158,0.798234006985265,0.775767238036652,-0.0224667689486123,"probability_change"
"fish_presence","14M","EVNspFract",0.0660127194,0.157705157101721,0.810185012980896,0.810183511429066,-1.50155183054057e-06,"probability_change"
"fish_presence","14M","EVNspMean",0.0180831805042437,0.0209232296492185,0.810183990492553,0.810184016008188,2.55156349382446e-08,"probability_change"
"fish_presence","14M","EVNtCount",4.56125575798005,8.14051993434638,0.810184328086446,0.810183454382284,-8.73704161352684e-07,"probability_change"
"fish_presence","14M","EVNtFraction",0.161152583702287,0.245905943713484,0.810184500763734,0.810184915367003,4.14603269383029e-07,"probability_change"
"fish_presence","14M","EVNtMean",0.025858671612816,0.0448005022685279,0.787659850666974,0.834671821891091,0.0470119712241166,"probability_change"
"fish_presence","14M","HFC",0.214145732297113,0.332113724991091,0.810184462780348,0.810183824849453,-6.37930895219796e-07,"probability_change"
"fish_presence","14M","H_GiniSimpson",0.918383195414006,0.985522879295086,0.810184965676667,0.810183600742095,-1.36493457147946e-06,"probability_change"
"fish_presence","14M","H_Havrda",0.327917591743522,0.333230094304099,0.783562544298807,0.821355990820579,0.0377934465217729,"probability_change"
"fish_presence","14M","H_Renyi",2.62555637192594,4.04368684298109,0.810185034052757,0.810183044490921,-1.98956183572463e-06,"probability_change"
"fish_presence","14M","H_gamma",6345.23359524836,10948.9922451585,0.810187981255179,0.81018132539104,-6.65586413850505e-06,"probability_change"
"fish_presence","14M","H_pairedShannon",4.61334262714301,5.65000021297888,0.810192948106246,0.81017877794261,-1.4170163635252e-05,"probability_change"
"fish_presence","14M","Hf",0.659565872427527,0.839883738801811,0.810194668022428,0.810178223964961,-1.64440574663693e-05,"probability_change"
"fish_presence","14M","Ht",0.499574984149117,0.758847456523357,0.810183329121409,0.810184028215309,6.99093899991787e-07,"probability_change"
"fish_presence","14M","KURTf",4.39074994569008,28.485300126405,0.810183749924656,0.810184621131159,8.71206502939259e-07,"probability_change"
"fish_presence","14M","KURTt",147.973461002493,11284.6906474654,0.812776682979636,0.805817687241479,-0.00695899573815706,"probability_change"
"fish_presence","14M","LEQf",206.03577904513,220.370792120397,0.776321167058792,0.790311445698769,0.0139902786399773,"probability_change"
"fish_presence","14M","LEQt",56.8510414633866,71.98212382007,0.810186256078127,0.810183033858471,-3.22221965620706e-06,"probability_change"
"fish_presence","14M","LFC",0.197757707547251,0.31739873825711,0.702247909692055,0.873510422696509,0.171262513004455,"probability_change"
"fish_presence","14M","MEANf",9.8432684337004e-05,0.00043056775,0.942667869546074,0.766000255257061,-0.176667614289013,"probability_change"
"fish_presence","14M","MEANt",-3.03066820533672e-19,2.9375499744097e-19,0.80007811914132,0.820270764245456,0.0201926451041354,"probability_change"
"fish_presence","14M","MED",0.00135771095,0.0209144321415744,0.810183716598517,0.810184359754014,6.43155497415115e-07,"probability_change"
"fish_presence","14M","MFC",0.243315952853676,0.344214970043723,0.810126518666901,0.810215940136627,8.94214697262363e-05,"probability_change"
"fish_presence","14M","NBPEAKS",3,7,0.810184367343255,0.810183554747196,-8.12596058441528e-07,"probability_change"
"fish_presence","14M","NDSI",0.0106490279377391,0.964712377611494,0.894868149676229,0.795378795398886,-0.0994893542773434,"probability_change"
"fish_presence","14M","RAOQ",0.309744452109252,0.485338910277074,0.856278755905454,0.76885843231018,-0.0874203235952736,"probability_change"
"fish_presence","14M","ROU",0.515070951468931,10.17229208517,0.59084692974734,0.899958010352454,0.309111080605114,"probability_change"
"fish_presence","14M","SKEWf",1.44602672074274,4.09883137793714,0.810182518087373,0.810186990979604,4.47289223115543e-06,"probability_change"
"fish_presence","14M","SKEWt",0.587892401578082,12.411144398154,0.810183245917355,0.810185064871144,1.81895378914554e-06,"probability_change"
"fish_presence","14M","SNRf",10.806923650454,22.4043630288743,0.908513528431504,0.799030925869284,-0.10948260256222,"probability_change"
"fish_presence","14M","SNRt",10.5016140516817,24.834155821361,0.758039812535186,0.740055178287061,-0.0179846342481246,"probability_change"
"fish_presence","14M","TFSD",0.355875703476531,0.377866924917557,0.837900391270182,0.779227688416564,-0.0586727028536186,"probability_change"
"fish_presence","14M","VARf",7.23823422573804e-09,3.79680561576724e-07,0.87966503285256,0.740605525617218,-0.139059507235342,"probability_change"
"fish_presence","14M","VARt",6.29411119199974e-06,0.000254874506397955,0.810183789824713,0.810184273083735,4.83259021466509e-07,"probability_change"
"fish_presence","14M","ZCR",2677.02662366215,17848.2977783513,0.810183492542881,0.810184076376239,5.83833357659103e-07,"probability_change"
"fish_presence","14M","aROI",1.40853997758934,3.92858723540483,0.684846463658474,0.905982459090625,0.221135995432151,"probability_change"
"fish_presence","14M","nROI",124.090006618134,489.171973263769,0.930488566090172,0.655676124670126,-0.274812441420047,"probability_change"
"fish_presence","14M","rBA",0.505324513870589,0.982356188880747,0.880001517153839,0.805793136676823,-0.0742083804770166,"probability_change"
"dolphin_presence","14M","ACI",383.042590772236,422.56267700391,0.041763698246635,0.113676588377264,0.0719128901306288,"probability_change"
"dolphin_presence","14M","ACTspCount",7448.1527347,12246.9648435,5.00484520794278e-05,0.860962455939506,0.860912407487426,"probability_change"
"dolphin_presence","14M","ACTspFract",0.197196455162144,0.324161103131784,0.067898804815464,0.0678993470973428,5.4228187873484e-07,"probability_change"
"dolphin_presence","14M","ACTspMean",19.9417593010449,27.4422875948255,0.0678987319650202,0.0679005194033894,1.78743836919126e-06,"probability_change"
"dolphin_presence","14M","ACTtCount",5574.7,7671.15,0.0678991421375847,0.067899841364661,6.99227076281228e-07,"probability_change"
"dolphin_presence","14M","ACTtFraction",0.295181408945319,0.406104404913172,0.0678991771166063,0.06789980920596,6.32089353677645e-07,"probability_change"
"dolphin_presence","14M","ACTtMean",14.9897019834335,29.5424987814811,0.0678992930014127,0.0678997767719662,4.83770553533214e-07,"probability_change"
"dolphin_presence","14M","ADI",3.12794032042271,3.43588116525521,0.100491494748476,0.0509612246469261,-0.0495302701015495,"probability_change"
"dolphin_presence","14M","AEI",0.375836939705745,0.537160257183452,0.155138937863006,0.0219240770325664,-0.133214860830439,"probability_change"
"dolphin_presence","14M","AGI",2.80586569106622,4.32110780512903,0.0799252013596662,0.0759336850577797,-0.00399151630188654,"probability_change"
"dolphin_presence","14M","AnthroEnergy",0.00339155255000008,2.90241500822404,0.0678994741691717,0.067899511280501,3.71113293567982e-08,"probability_change"
"dolphin_presence","14M","BGNf",-74.6881392085,-51.3510880495,0.0679008413814859,0.0678991630035658,-1.67837792011682e-06,"probability_change"
"dolphin_presence","14M","BGNt",-57.6138707835,-34.0627725845,0.0309923268625245,0.0475900084270668,0.0165976815645423,"probability_change"
"dolphin_presence","14M","BI",1.34372927622507,58.5872778351124,0.0678998985487712,0.0678992646237448,-6.33925026360949e-07,"probability_change"
"dolphin_presence","14M","BioEnergy",0.113376619728481,1.69694883326628,0.0679006262436743,0.0678984937751256,-2.13246854866012e-06,"probability_change"
"dolphin_presence","14M","EAS",0.0140106531958581,0.0755681291233451,0.0539471443017762,0.0887485744533088,0.0348014301515326,"probability_change"
"dolphin_presence","14M","ECU",0.0938525160723608,0.315486863408469,0.0678994128328998,0.0678996179228384,2.05089938545844e-07,"probability_change"
"dolphin_presence","14M","ECV",0.0459546699360675,0.165008558770828,0.0592998023794465,0.0806924957549914,0.0213926933755448,"probability_change"
"dolphin_presence","14M","ENRf",-53.743621042,-39.408607966,0.0679077731812908,0.0679046185159789,-3.15466531185249e-06,"probability_change"
"dolphin_presence","14M","EPS",0.0204008246519803,0.0642826012213483,0.0432854296449535,0.0776373801775163,0.0343519505325628,"probability_change"
"dolphin_presence","14M","EPS_KURT",11.6273662974633,108.232311991643,0.0997077861953567,0.0446648273880292,-0.0550429588073274,"probability_change"
"dolphin_presence","14M","EPS_SKEW",1.16751990495447,7.68808964818736,0.067899503570456,0.0678984916656723,-1.01190478368762e-06,"probability_change"
"dolphin_presence","14M","EVNspCount",3.37330671006088,7.89445489379158,0.538789668019113,0.0129199058026577,-0.525869762216456,"probability_change"
"dolphin_presence","14M","EVNspFract",0.0660127194,0.157705157101721,0.200350713417745,0.0303568278993228,-0.169993885518423,"probability_change"
"dolphin_presence","14M","EVNspMean",0.0180831805042437,0.0209232296492185,0.0679003178209063,0.067898676207503,-1.64161340328317e-06,"probability_change"
"dolphin_presence","14M","EVNtCount",4.56125575798005,8.14051993434638,0.0678993495535202,0.0678996496064005,3.00052880278234e-07,"probability_change"
"dolphin_presence","14M","EVNtFraction",0.161152583702287,0.245905943713484,0.0678993369334809,0.0678997937583621,4.56824881131523e-07,"probability_change"
"dolphin_presence","14M","EVNtMean",0.025858671612816,0.0448005022685279,0.0678998281291807,0.0678990802835746,-7.4784560603891e-07,"probability_change"
"dolphin_presence","14M","HFC",0.214145732297113,0.332113724991091,0.0679030139914028,0.0678974660345355,-5.54795686731613e-06,"probability_change"
"dolphin_presence","14M","H_GiniSimpson",0.918383195414006,0.985522879295086,0.0678991055268034,0.0678996566649358,5.51138132423579e-07,"probability_change"
"dolphin_presence","14M","H_Havrda",0.327917591743522,0.333230094304099,0.0678966316109652,0.0679007917997417,4.16018877653912e-06,"probability_change"
"dolphin_presence","14M","H_Renyi",2.62555637192594,4.04368684298109,0.0678987892834366,0.0678999223901414,1.13310670478428e-06,"probability_change"
"dolphin_presence","14M","H_gamma",6345.23359524836,10948.9922451585,0.0678995798340929,0.0678994341769005,-1.45657192376913e-07,"probability_change"
"dolphin_presence","14M","H_pairedShannon",4.61334262714301,5.65000021297888,0.0678993164776796,0.0678996232349342,3.06757254653345e-07,"probability_change"
"dolphin_presence","14M","Hf",0.659565872427527,0.839883738801811,0.0678993214369308,0.0678996332507675,3.11813836750829e-07,"probability_change"
"dolphin_presence","14M","Ht",0.499574984149117,0.758847456523357,0.0678956199172309,0.0678947758235765,-8.44093654334133e-07,"probability_change"
"dolphin_presence","14M","KURTf",4.39074994569008,28.485300126405,0.0711938822224258,0.060109057040086,-0.0110848251823398,"probability_change"
"dolphin_presence","14M","KURTt",147.973461002493,11284.6906474654,0.0678993906135658,0.067899666942288,2.7632872219574e-07,"probability_change"
"dolphin_presence","14M","LEQf",206.03577904513,220.370792120397,0.0679076587203432,0.0679045506363626,-3.10808398061579e-06,"probability_change"
"dolphin_presence","14M","LEQt",56.8510414633866,71.98212382007,0.0468665345499729,0.0919815460419326,0.0451150114919596,"probability_change"
"dolphin_presence","14M","LFC",0.197757707547251,0.31739873825711,0.0491148726680156,0.0904346743522896,0.041319801684274,"probability_change"
"dolphin_presence","14M","MEANf",9.8432684337004e-05,0.00043056775,0.234434709178771,0.0520581506628746,-0.182376558515897,"probability_change"
"dolphin_presence","14M","MEANt",-3.03066820533672e-19,2.9375499744097e-19,0.0678992162659252,0.0678997802394229,5.63973497652581e-07,"probability_change"
"dolphin_presence","14M","MED",0.00135771095,0.0209144321415744,0.0678997630915832,0.0678991639894441,-5.99102139037244e-07,"probability_change"
"dolphin_presence","14M","MFC",0.243315952853676,0.344214970043723,0.736939990915893,0.00946150833916936,-0.727478482576723,"probability_change"
"dolphin_presence","14M","NBPEAKS",3,7,0.0646384899274542,0.0723120467506375,0.00767355682318323,"probability_change"
"dolphin_presence","14M","NDSI",0.0106490279377391,0.964712377611494,0.0984783439961333,0.0575280057679325,-0.0409503382282008,"probability_change"
"dolphin_presence","14M","RAOQ",0.309744452109252,0.485338910277074,0.0678999520539676,0.0678990997670219,-8.52286945726699e-07,"probability_change"
"dolphin_presence","14M","ROU",0.515070951468931,10.17229208517,0.0615852321195436,0.0725865667456817,0.0110013346261382,"probability_change"
"dolphin_presence","14M","SKEWf",1.44602672074274,4.09883137793714,0.067899890670394,0.0678987195030372,-1.17116735680323e-06,"probability_change"
"dolphin_presence","14M","SKEWt",0.587892401578082,12.411144398154,0.0678994556158271,0.0678995522356816,9.66198545615526e-08,"probability_change"
"dolphin_presence","14M","SNRf",10.806923650454,22.4043630288743,0.0678994243380902,0.0678995671670392,1.42828949001306e-07,"probability_change"
"dolphin_presence","14M","SNRt",10.5016140516817,24.834155821361,0.0678996645538987,0.0679003580618117,6.93507913027136e-07,"probability_change"
"dolphin_presence","14M","TFSD",0.355875703476531,0.377866924917557,0.107268748408819,0.0424478455126152,-0.0648209028962042,"probability_change"
"dolphin_presence","14M","VARf",7.23823422573804e-09,3.79680561576724e-07,0.0678994939760355,0.0678994986449776,4.66894216344382e-09,"probability_change"
"dolphin_presence","14M","VARt",6.29411119199974e-06,0.000254874506397955,0.0678995344088477,0.067899448110506,-8.62983417226904e-08,"probability_change"
"dolphin_presence","14M","ZCR",2677.02662366215,17848.2977783513,0.0500023521561891,0.0911968535640331,0.041194501407844,"probability_change"
"dolphin_presence","14M","aROI",1.40853997758934,3.92858723540483,0.0151868608068064,0.148315623833046,0.13312876302624,"probability_change"
"dolphin_presence","14M","nROI",124.090006618134,489.171973263769,0.0678995756233283,0.0678995310514516,-4.45718767172476e-08,"probability_change"
"dolphin_presence","14M","rBA",0.505324513870589,0.982356188880747,0.0980434721129193,0.0576442494699089,-0.0403992226430104,"probability_change"
"vessel_presence","14M","ACI",383.042590772236,422.56267700391,0.0297380620896769,0.0198606015350574,-0.00987746055461946,"probability_change"
"vessel_presence","14M","ACTspCount",7448.1527347,12246.9648435,0.0254850712826031,0.0254837972297823,-1.27405282076415e-06,"probability_change"
"vessel_presence","14M","ACTspFract",0.197196455162144,0.324161103131784,0.0254869098333903,0.0254824592595962,-4.45057379406394e-06,"probability_change"
"vessel_presence","14M","ACTspMean",19.9417593010449,27.4422875948255,0.0254844093865704,0.0254843930566869,-1.63298835426096e-08,"probability_change"
"vessel_presence","14M","ACTtCount",5574.7,7671.15,0.00579376283288905,0.079943026068081,0.074149263235192,"probability_change"
"vessel_presence","14M","ACTtFraction",0.295181408945319,0.406104404913172,0.0254845053125939,0.0254840312455251,-4.74067068798739e-07,"probability_change"
"vessel_presence","14M","ACTtMean",14.9897019834335,29.5424987814811,0.0254842302332063,0.0254846632953207,4.33062114457011e-07,"probability_change"
"vessel_presence","14M","ADI",3.12794032042271,3.43588116525521,0.0254844457055537,0.0254844037804995,-4.19250541817962e-08,"probability_change"
"vessel_presence","14M","AEI",0.375836939705745,0.537160257183452,0.0208969304662057,0.0274009094788174,0.00650397901261169,"probability_change"
"vessel_presence","14M","AGI",2.80586569106622,4.32110780512903,0.0254843068704203,0.0254844821655062,1.75295085922539e-07,"probability_change"
"vessel_presence","14M","AnthroEnergy",0.00339155255000008,2.90241500822404,0.0250046365939342,0.0258017315769655,0.000797094983031259,"probability_change"
"vessel_presence","14M","BGNf",-74.6881392085,-51.3510880495,0.0254846115314074,0.0254843672602538,-2.44271153637676e-07,"probability_change"
"vessel_presence","14M","BGNt",-57.6138707835,-34.0627725845,0.0254844378264176,0.0254844153775573,-2.24488603817186e-08,"probability_change"
"vessel_presence","14M","BI",1.34372927622507,58.5872778351124,0.0254845236735724,0.0254842499306182,-2.73742954221001e-07,"probability_change"
"vessel_presence","14M","BioEnergy",0.113376619728481,1.69694883326628,0.0331746011859342,0.020200370997258,-0.0129742301886762,"probability_change"
"vessel_presence","14M","EAS",0.0140106531958581,0.0755681291233451,0.0254843363837713,0.0254845204567537,1.84072982349626e-07,"probability_change"
"vessel_presence","14M","ECU",0.0938525160723608,0.315486863408469,0.0316137309020163,0.0212331836309421,-0.0103805472710742,"probability_change"
"vessel_presence","14M","ECV",0.0459546699360675,0.165008558770828,0.0254845606983168,0.0254842681094995,-2.92588817240452e-07,"probability_change"
"vessel_presence","14M","ENRf",-53.743621042,-39.408607966,0.0254846783945859,0.0254843113927018,-3.67001884136325e-07,"probability_change"
"vessel_presence","14M","EPS",0.0204008246519803,0.0642826012213483,0.0182269534623122,0.0406163483667313,0.0223893949044191,"probability_change"
"vessel_presence","14M","EPS_KURT",11.6273662974633,108.232311991643,0.0254843453772736,0.0254842496212044,-9.57560691954018e-08,"probability_change"
"vessel_presence","14M","EPS_SKEW",1.16751990495447,7.68808964818736,0.0254843777322884,0.0254843387578712,-3.89744171346018e-08,"probability_change"
"vessel_presence","14M","EVNspCount",3.37330671006088,7.89445489379158,0.0216159090433449,0.0161381867080619,-0.00547772233528299,"probability_change"
"vessel_presence","14M","EVNspFract",0.0660127194,0.157705157101721,0.0254843151544354,0.0254843998182557,8.46638202739447e-08,"probability_change"
"vessel_presence","14M","EVNspMean",0.0180831805042437,0.0209232296492185,0.0254839153584143,0.0254849102825205,9.94924106195033e-07,"probability_change"
"vessel_presence","14M","EVNtCount",4.56125575798005,8.14051993434638,0.116096680977409,0.00790300916996325,-0.108193671807445,"probability_change"
"vessel_presence","14M","EVNtFraction",0.161152583702287,0.245905943713484,0.0254844508228662,0.025484273830793,-1.76992073122606e-07,"probability_change"
"vessel_presence","14M","EVNtMean",0.025858671612816,0.0448005022685279,0.04299880497436,0.0132883636931051,-0.0297104412812549,"probability_change"
"vessel_presence","14M","HFC",0.214145732297113,0.332113724991091,0.000450939006986736,0.211447990332585,0.210997051325599,"probability_change"
"vessel_presence","14M","H_GiniSimpson",0.918383195414006,0.985522879295086,0.0254846018819089,0.0254843486824852,-2.53199423764366e-07,"probability_change"
"vessel_presence","14M","H_Havrda",0.327917591743522,0.333230094304099,0.025484535600569,0.0254843716959585,-1.63904610574889e-07,"probability_change"
"vessel_presence","14M","H_Renyi",2.62555637192594,4.04368684298109,0.0254844438377968,0.0254844009051418,-4.2932654958916e-08,"probability_change"
"vessel_presence","14M","H_gamma",6345.23359524836,10948.9922451585,0.025484119068825,0.0254847149005008,5.9583167575164e-07,"probability_change"
"vessel_presence","14M","H_pairedShannon",4.61334262714301,5.65000021297888,0.0254845374943279,0.0254843424448693,-1.95049458581037e-07,"probability_change"
"vessel_presence","14M","Hf",0.659565872427527,0.839883738801811,0.0254847607919837,0.0254841781181365,-5.82673847275561e-07,"probability_change"
"vessel_presence","14M","Ht",0.499574984149117,0.758847456523357,0.0254843687686634,0.0254845265866612,1.57817997781251e-07,"probability_change"
"vessel_presence","14M","KURTf",4.39074994569008,28.485300126405,0.0232509472492841,0.0319024475577404,0.0086515003084563,"probability_change"
"vessel_presence","14M","KURTt",147.973461002493,11284.6906474654,0.0254844342480989,0.0254844043428409,-2.99052580129966e-08,"probability_change"
"vessel_presence","14M","LEQf",206.03577904513,220.370792120397,0.0254846788301383,0.0254843098853056,-3.68944832782048e-07,"probability_change"
"vessel_presence","14M","LEQt",56.8510414633866,71.98212382007,0.0439586420183677,0.0334162239533806,-0.0105424180649871,"probability_change"
"vessel_presence","14M","LFC",0.197757707547251,0.31739873825711,0.00344888292986448,0.0630606676622085,0.059611784732344,"probability_change"
"vessel_presence","14M","MEANf",9.8432684337004e-05,0.00043056775,0.0638350838358546,0.0211977053477074,-0.0426373784881472,"probability_change"
"vessel_presence","14M","MEANt",-3.03066820533672e-19,2.9375499744097e-19,0.0254843795106192,0.0254844673399435,8.78293243342099e-08,"probability_change"
"vessel_presence","14M","MED",0.00135771095,0.0209144321415744,0.0254844487424566,0.0254843903416681,-5.84007885003068e-08,"probability_change"
"vessel_presence","14M","MFC",0.243315952853676,0.344214970043723,0.60532683597019,0.001717005059158,-0.603609830911033,"probability_change"
"vessel_presence","14M","NBPEAKS",3,7,0.0242970724581141,0.026773362030181,0.00247628957206685,"probability_change"
"vessel_presence","14M","NDSI",0.0106490279377391,0.964712377611494,0.0254844135236718,0.0254844147299409,1.20626909849708e-09,"probability_change"
"vessel_presence","14M","RAOQ",0.309744452109252,0.485338910277074,0.0248143764767494,0.0222235319445587,-0.00259084453219066,"probability_change"
"vessel_presence","14M","ROU",0.515070951468931,10.17229208517,0.0254844155601863,0.0254844275276803,1.19674939645653e-08,"probability_change"
"vessel_presence","14M","SKEWf",1.44602672074274,4.09883137793714,0.025484386427649,0.0254845006117,1.14184051030336e-07,"probability_change"
"vessel_presence","14M","SKEWt",0.587892401578082,12.411144398154,0.0229281999923725,0.0273363612467156,0.00440816125434317,"probability_change"
"vessel_presence","14M","SNRf",10.806923650454,22.4043630288743,0.025484451725271,0.0254843941881762,-5.75370948455167e-08,"probability_change"
"vessel_presence","14M","SNRt",10.5016140516817,24.834155821361,0.0175869258902826,0.0366578590774469,0.0190709331871643,"probability_change"
"vessel_presence","14M","TFSD",0.355875703476531,0.377866924917557,0.0254843720735263,0.0254844168108771,4.47373507891924e-08,"probability_change"
"vessel_presence","14M","VARf",7.23823422573804e-09,3.79680561576724e-07,0.0254838648987436,0.0254848395259043,9.74627160765101e-07,"probability_change"
"vessel_presence","14M","VARt",6.29411119199974e-06,0.000254874506397955,0.0251416772412497,0.0259315057840609,0.000789828542811257,"probability_change"
"vessel_presence","14M","ZCR",2677.02662366215,17848.2977783513,0.0368282053126253,0.017665598414213,-0.0191626068984123,"probability_change"
"vessel_presence","14M","aROI",1.40853997758934,3.92858723540483,0.26254307214237,0.00368797464060668,-0.258855097501763,"probability_change"
"vessel_presence","14M","nROI",124.090006618134,489.171973263769,0.00189504656148842,0.165421678042144,0.163526631480656,"probability_change"
"vessel_presence","14M","rBA",0.505324513870589,0.982356188880747,0.0254844165074265,0.025484413434282,-3.07314446806872e-09,"probability_change"
"fish_presence","37M","ACI",362.315411328305,426.389700215947,0.000585643340049233,0.000586069130504575,4.25790455342427e-07,"probability_change"
"fish_presence","37M","ACTspCount",7491.2558598,9810.3093753,0.000585869671543098,0.000585870079581378,4.0803828003054e-10,"probability_change"
"fish_presence","37M","ACTspFract",0.198322251406353,0.259681683081051,0.000585869877350345,0.000585869771056212,-1.06294132783818e-10,"probability_change"
"fish_presence","37M","ACTspMean",14.8758753620943,26.2342535044652,0.000384072600787259,0.000476988715892167,9.29161151049072e-05,"probability_change"
"fish_presence","37M","ACTtCount",4430.3,6394.6,0.0005858699398374,0.000585867580340959,-2.35949644100241e-09,"probability_change"
"fish_presence","37M","ACTtFraction",0.234556332062685,0.338604142212161,0.000585869870302569,0.000585867546752199,-2.32355036947074e-09,"probability_change"
"fish_presence","37M","ACTtMean",11.773395918656,25.2990233900885,0.00190290887280653,0.00158400013202553,-0.000318908740781007,"probability_change"
"fish_presence","37M","ADI",2.79595570115264,3.49293314842429,0.000585873118515143,0.000585866655451933,-6.46306321026684e-09,"probability_change"
"fish_presence","37M","AEI",0.312264380570402,0.638172652361973,0.000570895006245486,0.000605234351261459,3.4339345015973e-05,"probability_change"
"fish_presence","37M","AGI",1.82806559366626,3.00625243741794,0.000222799336552689,0.0012084250790055,0.000985625742452807,"probability_change"
"fish_presence","37M","AnthroEnergy",0.00264078540000001,1.56019875195149,0.000585856644644902,0.000585877496808289,2.08521633869368e-08,"probability_change"
"fish_presence","37M","BGNf",-72.236157956,-50.782374804,0.00058586943706884,0.000585870862253584,1.42518474419932e-09,"probability_change"
"fish_presence","37M","BGNt",-54.588272119,-37.337387915,0.000585879916978536,0.000585861041483343,-1.88754951925768e-08,"probability_change"
"fish_presence","37M","BI",0.77736121319751,56.592980370802,0.00148142408296288,0.000171641557632743,-0.00130978252533014,"probability_change"
"fish_presence","37M","BioEnergy",0.0595484216304056,0.806943345795848,0.000585870162449024,0.000585869161470533,-1.00097849117537e-09,"probability_change"
"fish_presence","37M","EAS",0.0200414986063376,0.13661778551777,0.000585867906928624,0.00058587052250249,2.61557386589239e-09,"probability_change"
"fish_presence","37M","ECU",0.136111909963946,0.413985987707303,0.000394969049916416,0.000561133275374501,0.000166164225458085,"probability_change"
"fish_presence","37M","ECV",0.0712825990654241,0.262802980079948,0.000816106319844219,0.00045954551074291,-0.000356560809101309,"probability_change"
"fish_presence","37M","ENRf",-56.760606839,-43.031952939,0.000585872577308569,0.00058586799414929,-4.58315927863353e-09,"probability_change"
"fish_presence","37M","EPS",0.0194624814136871,0.0506835695390491,0.000585869740118966,0.000585869922903072,1.8278410675223e-10,"probability_change"
"fish_presence","37M","EPS_KURT",10.4960114377998,46.4704585868822,0.000585873376810643,0.000585866510877691,-6.86593295163174e-09,"probability_change"
"fish_presence","37M","EPS_SKEW",1.59724264822846,4.68494781297414,0.000701647570587998,0.000480881064074293,-0.000220766506513705,"probability_change"
"fish_presence","37M","EVNspCount",2.00610701867521,4.64815014647145,0.00083700267902547,0.000399376293038601,-0.000437626385986868,"probability_change"
"fish_presence","37M","EVNspFract",0.0334012244675049,0.0941417107473196,0.000585885911976113,0.000585857806870898,-2.81051052153369e-08,"probability_change"
"fish_presence","37M","EVNspMean",0.0157084941640075,0.0198443246901811,0.000585870557189819,0.000585868440342192,-2.11684762665802e-09,"probability_change"
"fish_presence","37M","EVNtCount",2.69696087255784,5.25907370143277,0.000525430915523456,0.000528423270385532,2.9923548620763e-06,"probability_change"
"fish_presence","37M","EVNtFraction",0.0819991529551461,0.185389363245026,0.00058587346618391,0.000585867546641562,-5.91954234816037e-09,"probability_change"
"fish_presence","37M","EVNtMean",0.0236152758964494,0.0575983570692308,0.000715722958941787,0.00041981557001841,-0.000295907388923377,"probability_change"
"fish_presence","37M","HFC",0.207061733890954,0.270123353193119,0.000585869126354771,0.00058587046366791,1.33731313859114e-09,"probability_change"
"fish_presence","37M","H_GiniSimpson",0.877319967348852,0.98856011953777,0.000585867149511456,0.00058587099662634,3.847114884146e-09,"probability_change"
"fish_presence","37M","H_Havrda",0.32247005280001,0.333271371418565,0.000585860642753268,0.000585873144583558,1.25018302901854e-08,"probability_change"
"fish_presence","37M","H_Renyi",2.10100636259463,4.30363430416594,0.000585871635415115,0.00058586719066084,-4.44475427502974e-09,"probability_change"
"fish_presence","37M","H_gamma",4380.45435378038,12626.1468252454,0.00108382211091221,0.00039161428515544,-0.000692207825756768,"probability_change"
"fish_presence","37M","H_pairedShannon",4.02491309272818,5.82541555847069,0.000585869229032783,0.000585870414085308,1.18505252442655e-09,"probability_change"
"fish_presence","37M","Hf",0.557729570713213,0.871347585648076,0.000585869363010006,0.00058587039809797,1.03508796499285e-09,"probability_change"
"fish_presence","37M","Ht",0.47374082514829,0.804380424372707,0.000419727909391636,0.00044293748854586,2.32095791542241e-05,"probability_change"
"fish_presence","37M","KURTf",3.36726534730465,43.0623743318186,0.000585869314777647,0.000585870216421416,9.01643768111068e-10,"probability_change"
"fish_presence","37M","KURTt",86.5607154973743,20537.6935847093,0.000585869409491883,0.000585869973328902,5.63837018849496e-10,"probability_change"
"fish_presence","37M","LEQf",202.818793248314,216.547447144512,0.000585872598637618,0.000585867991541439,-4.60709617894697e-09,"probability_change"
"fish_presence","37M","LEQt",53.0577010587231,69.0849111757537,0.00108464404068662,0.000305229565033677,-0.00077941447565294,"probability_change"
"fish_presence","37M","LFC",0.187180245300695,0.287088951779597,0.000451364067915676,0.000746225192483232,0.000294861124567556,"probability_change"
"fish_presence","37M","MEANf",7.069831989424e-05,0.0002617087,0.0009721487349645,0.000441152799315346,-0.000530995935649154,"probability_change"
"fish_presence","37M","MEANt",-3.142e-19,3.07105848116248e-19,0.000527435999830041,0.00064965651165505,0.000122220511825009,"probability_change"
"fish_presence","37M","MED",0.0019083034,0.0145556141308812,0.000820534972671102,0.000407480437428036,-0.000413054535243067,"probability_change"
"fish_presence","37M","MFC",0.208882796003908,0.304616372319348,0.000585866741461167,0.00058587226978344,5.52832227294475e-09,"probability_change"
"fish_presence","37M","NBPEAKS",2.5,9,0.000777473016620168,0.000473228326209432,-0.000304244690410736,"probability_change"
"fish_presence","37M","NDSI",-0.21521059368354,0.959175715720643,0.00050837526800738,0.000846868659631736,0.000338493391624356,"probability_change"
"fish_presence","37M","RAOQ",0.239158745959766,0.550670854311346,0.000585875294502638,0.000585865001031408,-1.02934712308727e-08,"probability_change"
"fish_presence","37M","ROU",0.232399864830464,4.6825761333392,0.000585867142026502,0.000585872119341939,4.97731543686649e-09,"probability_change"
"fish_presence","37M","SKEWf",1.15124088062486,5.32048313502663,0.00058587072045298,0.000585870095565127,-6.24887853918274e-10,"probability_change"
"fish_presence","37M","SKEWt",-27.930187911,-0.2352566897,0.000586822002895889,0.000584945391646836,-1.87661124905272e-06,"probability_change"
"fish_presence","37M","SNRf",6.08288114718243,19.5544241275041,0.000585872518528336,0.000585864824426411,-7.69410192415915e-09,"probability_change"
"fish_presence","37M","SNRt",6.55221764872901,20.1619636178149,0.000335326448135812,0.00101370609115233,0.000678379643016515,"probability_change"
"fish_presence","37M","TFSD",0.358803854575381,0.372038613643757,0.00060355736709277,0.0005669362426775,-3.66211244152705e-05,"probability_change"
"fish_presence","37M","VARf",3.25899190690329e-09,2.0536071078097e-07,0.000524558448794666,0.000635112294255882,0.000110553845461216,"probability_change"
"fish_presence","37M","VARt",2.90566141690913e-06,0.000190731284493985,0.000585869273604579,0.000585870319807011,1.04620243241219e-09,"probability_change"
"fish_presence","37M","ZCR",4084.02408275095,22100.9598739814,0.0004453103456159,0.000535167684507932,8.98573388920313e-05,"probability_change"
"fish_presence","37M","aROI",1.08122750456304,2.27589379688519,0.000387328721022502,0.00089539965389813,0.000508070932875628,"probability_change"
"fish_presence","37M","nROI",118.778954334878,462.050598539976,0.000906130705117002,0.000463100485845167,-0.000443030219271835,"probability_change"
"fish_presence","37M","rBA",0.392394703059803,0.979587857795057,0.000510551744841985,0.000837526692009228,0.000326974947167242,"probability_change"
"dolphin_presence","37M","ACI",362.315411328305,426.389700215947,0.531137933892996,0.472129579628063,-0.0590083542649325,"probability_change"
"dolphin_presence","37M","ACTspCount",7491.2558598,9810.3093753,0.116183779536911,0.91888530154429,0.802701522007379,"probability_change"
"dolphin_presence","37M","ACTspFract",0.198322251406353,0.259681683081051,0.529475828716458,0.529550773458676,7.49447422180305e-05,"probability_change"
"dolphin_presence","37M","ACTspMean",14.8758753620943,26.2342535044652,0.529511713051517,0.529511426205581,-2.868459368921e-07,"probability_change"
"dolphin_presence","37M","ACTtCount",4430.3,6394.6,0.529511361662252,0.52951181022048,4.48558228005602e-07,"probability_change"
"dolphin_presence","37M","ACTtFraction",0.234556332062685,0.338604142212161,0.529511404164832,0.529511791210056,3.87045223537719e-07,"probability_change"
"dolphin_presence","37M","ACTtMean",11.773395918656,25.2990233900885,0.52951061236054,0.529509329115961,-1.28324457859819e-06,"probability_change"
"dolphin_presence","37M","ADI",2.79595570115264,3.49293314842429,0.522366853597462,0.536334367531459,0.0139675139339969,"probability_change"
"dolphin_presence","37M","AEI",0.312264380570402,0.638172652361973,0.550544548005128,0.536015900761677,-0.0145286472434514,"probability_change"
"dolphin_presence","37M","AGI",1.82806559366626,3.00625243741794,0.529511034767075,0.529512993337965,1.9585708908032e-06,"probability_change"
"dolphin_presence","37M","AnthroEnergy",0.00264078540000001,1.56019875195149,0.5295117873717,0.529512031108618,2.43736917759918e-07,"probability_change"
"dolphin_presence","37M","BGNf",-72.236157956,-50.782374804,0.52951005275833,0.529513461725094,3.40896676354063e-06,"probability_change"
"dolphin_presence","37M","BGNt",-54.588272119,-37.337387915,0.529512767220399,0.529512519468196,-2.47752203086371e-07,"probability_change"
"dolphin_presence","37M","BI",0.77736121319751,56.592980370802,0.592761816647578,0.470434191559646,-0.122327625087933,"probability_change"
"dolphin_presence","37M","BioEnergy",0.0595484216304056,0.806943345795848,0.529511820444267,0.529512044838734,2.24394467451816e-07,"probability_change"
"dolphin_presence","37M","EAS",0.0200414986063376,0.13661778551777,0.46860117559571,0.601910143873763,0.133308968278052,"probability_change"
"dolphin_presence","37M","ECU",0.136111909963946,0.413985987707303,0.657838513741587,0.451275237373515,-0.206563276368071,"probability_change"
"dolphin_presence","37M","ECV",0.0712825990654241,0.262802980079948,0.442918338016117,0.564943846445932,0.122025508429815,"probability_change"
"dolphin_presence","37M","ENRf",-56.760606839,-43.031952939,0.529511884103959,0.529512314033804,4.29929844614207e-07,"probability_change"
"dolphin_presence","37M","EPS",0.0194624814136871,0.0506835695390491,0.52951190774811,0.529511827948458,-7.97996515533583e-08,"probability_change"
"dolphin_presence","37M","EPS_KURT",10.4960114377998,46.4704585868822,0.529512134710536,0.529511639849909,-4.94860627142657e-07,"probability_change"
"dolphin_presence","37M","EPS_SKEW",1.59724264822846,4.68494781297414,0.529512722696394,0.529510131110368,-2.59158602589071e-06,"probability_change"
"dolphin_presence","37M","EVNspCount",2.00610701867521,4.64815014647145,0.669473234732588,0.374513819127867,-0.29495941560472,"probability_change"
"dolphin_presence","37M","EVNspFract",0.0334012244675049,0.0941417107473196,0.638428133632111,0.371677707855979,-0.266750425776132,"probability_change"
"dolphin_presence","37M","EVNspMean",0.0157084941640075,0.0198443246901811,0.529512099859092,0.529511729143724,-3.70715368069874e-07,"probability_change"
"dolphin_presence","37M","EVNtCount",2.69696087255784,5.25907370143277,0.529509985297286,0.529511977708733,1.99241144704931e-06,"probability_change"
"dolphin_presence","37M","EVNtFraction",0.0819991529551461,0.185389363245026,0.529508910849527,0.529515246636844,6.33578731645823e-06,"probability_change"
"dolphin_presence","37M","EVNtMean",0.0236152758964494,0.0575983570692308,0.529511808104469,0.529512152806612,3.44702142940356e-07,"probability_change"
"dolphin_presence","37M","HFC",0.207061733890954,0.270123353193119,0.777052812499166,0.254452035390732,-0.522600777108434,"probability_change"
"dolphin_presence","37M","H_GiniSimpson",0.877319967348852,0.98856011953777,0.529511985574775,0.529511912493701,-7.30810731930376e-08,"probability_change"
"dolphin_presence","37M","H_Havrda",0.32247005280001,0.333271371418565,0.529511625858067,0.529512058285271,4.32427204155594e-07,"probability_change"
"dolphin_presence","37M","H_Renyi",2.10100636259463,4.30363430416594,0.529513805099716,0.529518816485406,5.01138568942405e-06,"probability_change"
"dolphin_presence","37M","H_gamma",4380.45435378038,12626.1468252454,0.529511321193374,0.529513127154123,1.80596074894623e-06,"probability_change"
"dolphin_presence","37M","H_pairedShannon",4.02491309272818,5.82541555847069,0.529511245557081,0.529512955009997,1.70945291666502e-06,"probability_change"
"dolphin_presence","37M","Hf",0.557729570713213,0.871347585648076,0.529511241528456,0.529513014352803,1.77282434687953e-06,"probability_change"
"dolphin_presence","37M","Ht",0.47374082514829,0.804380424372707,0.529512743489836,0.529511488936134,-1.25455370192373e-06,"probability_change"
"dolphin_presence","37M","KURTf",3.36726534730465,43.0623743318186,0.529511685171322,0.529512510938043,8.25766720891075e-07,"probability_change"
"dolphin_presence","37M","KURTt",86.5607154973743,20537.6935847093,0.529511289570631,0.529512938236073,1.64866544161146e-06,"probability_change"
"dolphin_presence","37M","LEQf",202.818793248314,216.547447144512,0.529511883281176,0.529512314718147,4.31436970926846e-07,"probability_change"
"dolphin_presence","37M","LEQt",53.0577010587231,69.0849111757537,0.638795991046299,0.531031395859396,-0.107764595186903,"probability_change"
"dolphin_presence","37M","LFC",0.187180245300695,0.287088951779597,0.529513624564936,0.529512071293756,-1.55327118056547e-06,"probability_change"
"dolphin_presence","37M","MEANf",7.069831989424e-05,0.0002617087,0.373338609537415,0.6164386220878,0.243100012550385,"probability_change"
"dolphin_presence","37M","MEANt",-3.142e-19,3.07105848116248e-19,0.53041341624926,0.528625407590002,-0.00178800865925821,"probability_change"
"dolphin_presence","37M","MED",0.0019083034,0.0145556141308812,0.508671564589187,0.551854745722071,0.0431831811328833,"probability_change"
"dolphin_presence","37M","MFC",0.208882796003908,0.304616372319348,0.529524843030993,0.529509694643252,-1.5148387741637e-05,"probability_change"
"dolphin_presence","37M","NBPEAKS",2.5,9,0.551129027375874,0.513124375744286,-0.0380046516315877,"probability_change"
"dolphin_presence","37M","NDSI",-0.21521059368354,0.959175715720643,0.529513191283497,0.529511769655792,-1.42162770488952e-06,"probability_change"
"dolphin_presence","37M","RAOQ",0.239158745959766,0.550670854311346,0.529511079123653,0.529512564466978,1.48534332522487e-06,"probability_change"
"dolphin_presence","37M","ROU",0.232399864830464,4.6825761333392,0.529511447231681,0.529512429414966,9.82183284148341e-07,"probability_change"
"dolphin_presence","37M","SKEWf",1.15124088062486,5.32048313502663,0.52951229460254,0.529512313999031,1.93964908579147e-08,"probability_change"
"dolphin_presence","37M","SKEWt",-27.930187911,-0.2352566897,0.529511471010539,0.529512316519205,8.45508666413863e-07,"probability_change"
"dolphin_presence","37M","SNRf",6.08288114718243,19.5544241275041,0.529518079024996,0.52950590289897,-1.21761260263309e-05,"probability_change"
"dolphin_presence","37M","SNRt",6.55221764872901,20.1619636178149,0.529511845278127,0.529510610452824,-1.23482530245411e-06,"probability_change"
"dolphin_presence","37M","TFSD",0.358803854575381,0.372038613643757,0.561747017956359,0.49450210138275,-0.0672449165736093,"probability_change"
"dolphin_presence","37M","VARf",3.25899190690329e-09,2.0536071078097e-07,0.529511679328954,0.529512128918297,4.49589342532697e-07,"probability_change"
"dolphin_presence","37M","VARt",2.90566141690913e-06,0.000190731284493985,0.529511774567982,0.529512254356927,4.79788944907078e-07,"probability_change"
"dolphin_presence","37M","ZCR",4084.02408275095,22100.9598739814,0.506023745486639,0.553041631762467,0.0470178862758278,"probability_change"
"dolphin_presence","37M","aROI",1.08122750456304,2.27589379688519,0.50122430806405,0.558319586308695,0.0570952782446451,"probability_change"
"dolphin_presence","37M","nROI",118.778954334878,462.050598539976,0.487328110981779,0.552116167199912,0.064788056218133,"probability_change"
"dolphin_presence","37M","rBA",0.392394703059803,0.979587857795057,0.529513172136337,0.529511768227832,-1.40390850433825e-06,"probability_change"
"vessel_presence","37M","ACI",362.315411328305,426.389700215947,0.0421416167204915,0.0421417884608531,1.71740361640249e-07,"probability_change"
"vessel_presence","37M","ACTspCount",7491.2558598,9810.3093753,0.0818452158064712,0.0201767554063822,-0.0616684604000891,"probability_change"
"vessel_presence","37M","ACTspFract",0.198322251406353,0.259681683081051,0.0421432797843012,0.0421419882098641,-1.29157443708172e-06,"probability_change"
"vessel_presence","37M","ACTspMean",14.8758753620943,26.2342535044652,0.0512765273585231,0.0463761709059697,-0.00490035645255341,"probability_change"
"vessel_presence","37M","ACTtCount",4430.3,6394.6,0.0421418500596547,0.0421429796357317,1.1295760770566e-06,"probability_change"
"vessel_presence","37M","ACTtFraction",0.234556332062685,0.338604142212161,0.0429831381041342,0.046292762672279,0.0033096245681448,"probability_change"
"vessel_presence","37M","ACTtMean",11.773395918656,25.2990233900885,0.00937400946100699,0.167422003830732,0.158047994369725,"probability_change"
"vessel_presence","37M","ADI",2.79595570115264,3.49293314842429,0.0421416852282977,0.0421416201851253,-6.50431724244505e-08,"probability_change"
"vessel_presence","37M","AEI",0.312264380570402,0.638172652361973,0.0468420308369357,0.0435418886081199,-0.00330014222881583,"probability_change"
"vessel_presence","37M","AGI",1.82806559366626,3.00625243741794,0.0479698431429228,0.035548001614868,-0.0124218415280547,"probability_change"
"vessel_presence","37M","AnthroEnergy",0.00264078540000001,1.56019875195149,0.0421415960035517,0.0421416939250146,9.79214628687997e-08,"probability_change"
"vessel_presence","37M","BGNf",-72.236157956,-50.782374804,0.0421415134793763,0.0421419001619691,3.86682592751209e-07,"probability_change"
"vessel_presence","37M","BGNt",-54.588272119,-37.337387915,0.0729225715000846,0.0516971036763445,-0.0212254678237401,"probability_change"
"vessel_presence","37M","BI",0.77736121319751,56.592980370802,0.0557748205274887,0.0279468831766397,-0.027827937350849,"probability_change"
"vessel_presence","37M","BioEnergy",0.0595484216304056,0.806943345795848,0.0457586913841772,0.0391561605166193,-0.0066025308675579,"probability_change"
"vessel_presence","37M","EAS",0.0200414986063376,0.13661778551777,0.0597129392181936,0.0360615705738359,-0.0236513686443577,"probability_change"
"vessel_presence","37M","ECU",0.136111909963946,0.413985987707303,0.0421416729027881,0.0421417937296508,1.20826862758106e-07,"probability_change"
"vessel_presence","37M","ECV",0.0712825990654241,0.262802980079948,0.0384010171783249,0.0474343807788824,0.00903336360055754,"probability_change"
"vessel_presence","37M","ENRf",-56.760606839,-43.031952939,0.0421420015636495,0.0421417640240171,-2.37539632394479e-07,"probability_change"
"vessel_presence","37M","EPS",0.0194624814136871,0.0506835695390491,0.0202984178948216,0.0876112750179416,0.06731285712312,"probability_change"
"vessel_presence","37M","EPS_KURT",10.4960114377998,46.4704585868822,0.0503611754765821,0.027429673347485,-0.0229315021290971,"probability_change"
"vessel_presence","37M","EPS_SKEW",1.59724264822846,4.68494781297414,0.0421416022066367,0.0421403244629973,-1.2777436393871e-06,"probability_change"
"vessel_presence","37M","EVNspCount",2.00610701867521,4.64815014647145,0.0421416128737122,0.0421418195447901,2.06671077890297e-07,"probability_change"
"vessel_presence","37M","EVNspFract",0.0334012244675049,0.0941417107473196,0.0494265678093068,0.0345181229632284,-0.0149084448460783,"probability_change"
"vessel_presence","37M","EVNspMean",0.0157084941640075,0.0198443246901811,0.0287462978482963,0.0700407817895865,0.0412944839412901,"probability_change"
"vessel_presence","37M","EVNtCount",2.69696087255784,5.25907370143277,0.0468123879021122,0.0379230170565558,-0.00888937084555637,"probability_change"
"vessel_presence","37M","EVNtFraction",0.0819991529551461,0.185389363245026,0.0421417196837542,0.0421416294380583,-9.02456959508968e-08,"probability_change"
"vessel_presence","37M","EVNtMean",0.0236152758964494,0.0575983570692308,0.0515054425888513,0.0301446836595626,-0.0213607589292886,"probability_change"
"vessel_presence","37M","HFC",0.207061733890954,0.270123353193119,0.0101343443205287,0.170157225773435,0.160022881452906,"probability_change"
"vessel_presence","37M","H_GiniSimpson",0.877319967348852,0.98856011953777,0.0421421640810328,0.0421414266106696,-7.37470363172676e-07,"probability_change"
"vessel_presence","37M","H_Havrda",0.32247005280001,0.333271371418565,0.0421418819851484,0.0421415701160019,-3.11869146542298e-07,"probability_change"
"vessel_presence","37M","H_Renyi",2.10100636259463,4.30363430416594,0.042141653930092,0.0421416114268345,-4.25032574691286e-08,"probability_change"
"vessel_presence","37M","H_gamma",4380.45435378038,12626.1468252454,0.0289550074118308,0.0537051107317952,0.0247501033199645,"probability_change"
"vessel_presence","37M","H_pairedShannon",4.02491309272818,5.82541555847069,0.0421415710119223,0.0421416849723861,1.13960463794804e-07,"probability_change"
"vessel_presence","37M","Hf",0.557729570713213,0.871347585648076,0.042141524695737,0.0421417037870176,1.79091280569366e-07,"probability_change"
"vessel_presence","37M","Ht",0.47374082514829,0.804380424372707,0.0495849165144203,0.0483051571944588,-0.00127975931996148,"probability_change"
"vessel_presence","37M","KURTf",3.36726534730465,43.0623743318186,0.0356357593098547,0.0600173220088228,0.0243815626989681,"probability_change"
"vessel_presence","37M","KURTt",86.5607154973743,20537.6935847093,0.0412481080168434,0.0435388221592783,0.00229071414243493,"probability_change"
"vessel_presence","37M","LEQf",202.818793248314,216.547447144512,0.0421420027832203,0.0421417643643423,-2.3841887804299e-07,"probability_change"
"vessel_presence","37M","LEQt",53.0577010587231,69.0849111757537,0.0421417286492372,0.0421414621513668,-2.66497870382576e-07,"probability_change"
"vessel_presence","37M","LFC",0.187180245300695,0.287088951779597,0.01484184747976,0.0628495598354402,0.0480077123556802,"probability_change"
"vessel_presence","37M","MEANf",7.069831989424e-05,0.0002617087,0.0421414102406176,0.0421419011786896,4.90938072007785e-07,"probability_change"
"vessel_presence","37M","MEANt",-3.142e-19,3.07105848116248e-19,0.0390611066820128,0.0437530683856866,0.00469196170367373,"probability_change"
"vessel_presence","37M","MED",0.0019083034,0.0145556141308812,0.0421415782738126,0.0421417419933366,1.63719524048922e-07,"probability_change"
"vessel_presence","37M","MFC",0.208882796003908,0.304616372319348,0.0721864451916758,0.025950586195928,-0.0462358589957478,"probability_change"
"vessel_presence","37M","NBPEAKS",2.5,9,0.0364209424232017,0.0470165799308863,0.0105956375076847,"probability_change"
"vessel_presence","37M","NDSI",-0.21521059368354,0.959175715720643,0.0421414939788506,0.0421417927520345,2.98773183887713e-07,"probability_change"
"vessel_presence","37M","RAOQ",0.239158745959766,0.550670854311346,0.0421415145881729,0.0421417600308593,2.45442686411246e-07,"probability_change"
"vessel_presence","37M","ROU",0.232399864830464,4.6825761333392,0.0421415925408733,0.0421417212110625,1.2867018920476e-07,"probability_change"
"vessel_presence","37M","SKEWf",1.15124088062486,5.32048313502663,0.0421412856804865,0.0421420577114214,7.72030934910461e-07,"probability_change"
"vessel_presence","37M","SKEWt",-27.930187911,-0.2352566897,0.042141977181779,0.0421413514454096,-6.25736369379293e-07,"probability_change"
"vessel_presence","37M","SNRf",6.08288114718243,19.5544241275041,0.0952455614239015,0.016308147664326,-0.0789374137595755,"probability_change"
"vessel_presence","37M","SNRt",6.55221764872901,20.1619636178149,0.0421410416629099,0.042142102311415,1.06064850513565e-06,"probability_change"
"vessel_presence","37M","TFSD",0.358803854575381,0.372038613643757,0.0494372979963048,0.0352097227860526,-0.0142275752102522,"probability_change"
"vessel_presence","37M","VARf",3.25899190690329e-09,2.0536071078097e-07,0.0421416423654878,0.042141667675015,2.53095270991155e-08,"probability_change"
"vessel_presence","37M","VARt",2.90566141690913e-06,0.000190731284493985,0.0421422760268473,0.0421404722478852,-1.80377896208395e-06,"probability_change"
"vessel_presence","37M","ZCR",4084.02408275095,22100.9598739814,0.0645772747541124,0.0309267893816928,-0.0336504853724196,"probability_change"
"vessel_presence","37M","aROI",1.08122750456304,2.27589379688519,0.199492932399569,0.0135489762558648,-0.185943956143704,"probability_change"
"vessel_presence","37M","nROI",118.778954334878,462.050598539976,0.00884512759115865,0.223306575967185,0.214461448376026,"probability_change"
"vessel_presence","37M","rBA",0.392394703059803,0.979587857795057,0.0421414964878805,0.0421417904656111,2.93977730603245e-07,"probability_change"
