"metric","index","low_value","high_value","low_pred","high_pred","effect_size","effect_type"
"fish_activity","ACI",374.141179456072,423.811072726842,3.91545198158846,3.91542117334879,0.999992131626229,"fold_change"
"fish_activity","ACTspCount",6273.5513672,11725.4570345,4.29696006882627,4.25077838337093,0.989252475071767,"fold_change"
"fish_activity","ACTspFract",0.166058854856056,0.310410344970218,3.71625563472845,4.24426309235803,1.14208049970926,"fold_change"
"fish_activity","ACTspMean",16.8652033808444,27.3708574747859,3.51694722128925,3.35162762935023,0.95299343961198,"fold_change"
"fish_activity","ACTtCount",4657.55,7336.95,3.91575091871827,3.91513609308975,0.99984298653278,"fold_change"
"fish_activity","ACTtFraction",0.246561308767471,0.388419962841699,6.13649923774382,2.57309068006596,0.419309215299764,"fold_change"
"fish_activity","ACTtMean",13.0757915265561,28.1375689202539,3.5209538310823,3.59101366982124,1.01989797143049,"fold_change"
"fish_activity","ADI",2.86173038373771,3.4445453324186,3.91545157354394,3.91543196447912,0.999994991876554,"fold_change"
"fish_activity","AEI",0.361218508834447,0.610515441474551,3.83061363581801,3.9252330210267,1.02470084279029,"fold_change"
"fish_activity","AGI",1.8627321633047,3.81852058950753,3.55055852769273,4.37041984173629,1.23091051947152,"fold_change"
"fish_activity","AnthroEnergy",0.00221776455,1.47863752500028,3.91543685192409,3.91543502598444,0.999999533656214,"fold_change"
"fish_activity","BGNf",-75.3727955315,-53.057688791,3.9154118326174,3.91547599000494,1.00001638585934,"fold_change"
"fish_activity","BGNt",-58.38289929,-36.92848247,2.66211016176799,5.70064293355294,2.14140008757826,"fold_change"
"fish_activity","BI",1.00300322917475,50.3402830018668,4.31494221716523,3.13615688686057,0.72681318289377,"fold_change"
"fish_activity","BioEnergy",0.0435448963903054,1.34279869638093,3.91543684843324,3.91543666334474,0.999999952728517,"fold_change"
"fish_activity","EAS",0.0173078479075664,0.126341032047203,3.74984918960637,4.08871677174277,1.09036832283167,"fold_change"
"fish_activity","ECU",0.119010378179637,0.486938694802412,4.09153864107347,3.66773904637744,0.896420483374723,"fold_change"
"fish_activity","ECV",0.058813288551181,0.273029245428403,3.9154438602924,3.91542428571689,0.999995000675221,"fold_change"
"fish_activity","ENRf",-58.4050052,-41.5994454975,4.32331197740455,4.06384051455441,0.93998317396333,"fold_change"
"fish_activity","EPS",0.0150414280175312,0.0546902083625121,3.65752541260001,4.46970625451673,1.22205747063815,"fold_change"
"fish_activity","EPS_KURT",11.8939564726814,91.6877168014201,3.91543934776723,3.91544188112496,1.00000064701749,"fold_change"
"fish_activity","EPS_SKEW",1.20142694520092,6.90355014571539,3.97710089930582,3.99983209261371,1.00571551838473,"fold_change"
"fish_activity","EVNspCount",1.78306252109285,7.32486550554321,3.06082554807469,3.17792401064144,1.03825715014709,"fold_change"
"fish_activity","EVNspFract",0.0319905691667769,0.142288136811615,4.1520298489691,3.82049696525899,0.920151613603544,"fold_change"
"fish_activity","EVNspMean",0.0161957407839827,0.0206446862160272,3.83906744847218,3.98571687964308,1.03819923279266,"fold_change"
"fish_activity","EVNtCount",3.18961124053582,7.36700508283733,2.94376842427394,4.89625270779888,1.66326014893869,"fold_change"
"fish_activity","EVNtFraction",0.100990046542164,0.26792143157662,3.16618053512752,5.04832186181708,1.59445167633619,"fold_change"
"fish_activity","EVNtMean",0.0250574730966851,0.0534903509956679,3.91543619638161,3.91543803045674,1.00000046842166,"fold_change"
"fish_activity","HFC",0.17570809994996,0.320467648873862,6.11441697772007,2.19535379295071,0.35904548233302,"fold_change"
"fish_activity","H_GiniSimpson",0.888826269415579,0.986783872980978,3.91542445501767,3.91543772706492,1.00000338968288,"fold_change"
"fish_activity","H_Havrda",0.324405879171458,0.333245192381795,3.91543655544241,3.91543682861503,1.00000006976811,"fold_change"
"fish_activity","H_Renyi",2.20073139497055,4.13363297522353,3.91544054941511,3.9154323386098,0.999997902967697,"fold_change"
"fish_activity","H_gamma",5269.3843130211,11721.757483518,4.70413185528405,3.87630379008593,0.824021075372656,"fold_change"
"fish_activity","H_pairedShannon",4.22023839651303,5.72678410252557,3.91546445814826,3.91542983753405,0.999991157980215,"fold_change"
"fish_activity","Hf",0.592258016593317,0.853651807937429,3.91547427047037,3.91542714365209,0.999987963956593,"fold_change"
"fish_activity","Ht",0.45077843181026,0.76888240270376,3.36621973667344,4.49394984974655,1.33501381409746,"fold_change"
"fish_activity","KURTf",4.11257945195924,39.3257633977843,3.91544040519602,3.91540954858088,0.999992119247914,"fold_change"
"fish_activity","KURTt",90.2143636285643,15861.3166140619,3.91543140487387,3.91546494602934,1.00000856640099,"fold_change"
"fish_activity","LEQf",201.118738688685,218.140390983673,3.91559750191151,3.91548337211711,0.9999708525214,"fold_change"
"fish_activity","LEQt",53.7103892317177,69.9405961685669,5.31679689527807,2.96070432365397,0.556858646656865,"fold_change"
"fish_activity","LFC",0.176339432903298,0.304280229102748,2.99544760018862,4.03817415483147,1.34810375403569,"fold_change"
"fish_activity","MEANf",5.64233822990009e-05,0.00035085035,4.57546825401127,2.59088791756744,0.566256342243448,"fold_change"
"fish_activity","MEANt",-3.38877358079622e-19,3.30065055410646e-19,3.91543722701933,3.91543645448119,0.999999802694285,"fold_change"
"fish_activity","MED",0.00123364125,0.0150006368377952,3.91543491258475,3.91544307597915,1.0000020849266,"fold_change"
"fish_activity","MFC",0.185768459865746,0.334151870412091,5.14279438295428,5.58482199513627,1.08595086236523,"fold_change"
"fish_activity","NBPEAKS",3,12,3.80945827720521,4.1080070215922,1.07837039354741,"fold_change"
"fish_activity","NDSI",-0.11416973365784,0.956543507319399,3.59701019484789,3.96508782563847,1.10232877052108,"fold_change"
"fish_activity","RAOQ",0.269469466984642,0.520361786104763,3.915471938448,3.91542132818739,0.999987074288515,"fold_change"
"fish_activity","ROU",0.160899286836818,6.67024958577381,3.91543781940383,3.91542989512153,0.999997976144006,"fold_change"
"fish_activity","SKEWf",1.35571189359991,5.06265426591657,3.72518983865049,4.54105735206117,1.21901367413432,"fold_change"
"fish_activity","SKEWt",-17.393480807,6.87048584084201,3.81035521040927,3.96717203971085,1.0411554358169,"fold_change"
"fish_activity","SNRf",8.20054616507026,21.8927993560336,4.1725117478017,4.07602136767074,0.976874749320527,"fold_change"
"fish_activity","SNRt",8.15966564064176,23.1049447285482,2.58206621260237,5.96325661866875,2.30949020190253,"fold_change"
"fish_activity","TFSD",0.358764155365741,0.379828684845327,4.58586334540922,3.49303135986719,0.76169547515278,"fold_change"
"fish_activity","VARf",2.50815754060776e-09,2.0570284083078e-07,3.91543707742082,3.9154335776794,0.999999106168392,"fold_change"
"fish_activity","VARt",3.24254687376255e-06,0.00017551966887223,3.91543664761441,3.91543847050248,1.00000046556444,"fold_change"
"fish_activity","ZCR",2499.05859540449,19060.7827872184,3.72295031857367,4.18811087708083,1.12494406819948,"fold_change"
"fish_activity","aROI",0.933021384844474,3.19944831651224,3.14288738664378,4.96336758288073,1.57923812478086,"fold_change"
"fish_activity","nROI",94.2860871683802,454.665784254768,4.85207958671247,3.22360843718009,0.664376661505721,"fold_change"
"fish_activity","rBA",0.442915133279346,0.978271753827079,3.597010273168,3.96508781294546,1.10232874299057,"fold_change"
"fish_richness","ACI",374.141179456072,423.811072726842,1.76712210737663,1.73833591155692,0.983710126368997,"fold_change"
"fish_richness","ACTspCount",6273.5513672,11725.4570345,1.75071154015583,1.75070332091086,0.999995305197467,"fold_change"
"fish_richness","ACTspFract",0.166058854856056,0.310410344970218,1.75071026723631,1.7507017517967,0.999995136008644,"fold_change"
"fish_richness","ACTspMean",16.8652033808444,27.3708574747859,1.57518098896991,1.50228401652072,0.953721525996284,"fold_change"
"fish_richness","ACTtCount",4657.55,7336.95,1.75086267317895,1.75054388705807,0.999817926256722,"fold_change"
"fish_richness","ACTtFraction",0.246561308767471,0.388419962841699,2.38339220190567,1.31227963989522,0.550593242205784,"fold_change"
"fish_richness","ACTtMean",13.0757915265561,28.1375689202539,1.43497842367946,1.92466154688421,1.34124772548785,"fold_change"
"fish_richness","ADI",2.86173038373771,3.4445453324186,1.75070112204735,1.750696721097,0.999997486178367,"fold_change"
"fish_richness","AEI",0.361218508834447,0.610515441474551,1.73178448263239,1.75286802715137,1.01217446208256,"fold_change"
"fish_richness","AGI",1.8627321633047,3.81852058950753,1.6878571843495,1.82411064248203,1.08072570321466,"fold_change"
"fish_richness","AnthroEnergy",0.00221776455,1.47863752500028,1.7506978228824,1.75069775430177,0.999999960826691,"fold_change"
"fish_richness","BGNf",-75.3727955315,-53.057688791,1.7508018957158,1.75055159762099,0.999857038026166,"fold_change"
"fish_richness","BGNt",-58.38289929,-36.92848247,1.75071441609856,1.7506921215744,0.999987265470627,"fold_change"
"fish_richness","BI",1.00300322917475,50.3402830018668,1.8236630642272,1.5701809703943,0.861003877961238,"fold_change"
"fish_richness","BioEnergy",0.0435448963903054,1.34279869638093,1.75069712080005,1.75070207776803,1.00000283142522,"fold_change"
"fish_richness","EAS",0.0173078479075664,0.126341032047203,1.70198106872774,1.80091710064212,1.05812992502222,"fold_change"
"fish_richness","ECU",0.119010378179637,0.486938694802412,1.81401800004773,1.66069724356663,0.915480024742274,"fold_change"
"fish_richness","ECV",0.058813288551181,0.273029245428403,1.7506993258756,1.7506951520045,0.999997615883529,"fold_change"
"fish_richness","ENRf",-58.4050052,-41.5994454975,1.75070448186527,1.75069335153359,0.999993642369801,"fold_change"
"fish_richness","EPS",0.0150414280175312,0.0546902083625121,1.64066026072251,1.98604786522407,1.21051744396458,"fold_change"
"fish_richness","EPS_KURT",11.8939564726814,91.6877168014201,1.75071073720488,1.75069627825604,0.999991741097752,"fold_change"
"fish_richness","EPS_SKEW",1.20142694520092,6.90355014571539,1.75070253790801,1.75069873269191,0.999997826463365,"fold_change"
"fish_richness","EVNspCount",1.78306252109285,7.32486550554321,1.41176620144245,1.45886464722405,1.03336136375377,"fold_change"
"fish_richness","EVNspFract",0.0319905691667769,0.142288136811615,1.90771383401671,1.68888563084376,0.885292962041267,"fold_change"
"fish_richness","EVNspMean",0.0161957407839827,0.0206446862160272,1.75068924504595,1.75070548842222,1.00000927827501,"fold_change"
"fish_richness","EVNtCount",3.18961124053582,7.36700508283733,1.15950403699418,2.39167305105362,2.06266901601622,"fold_change"
"fish_richness","EVNtFraction",0.100990046542164,0.26792143157662,1.90443475892175,1.85839004022662,0.975822370139267,"fold_change"
"fish_richness","EVNtMean",0.0250574730966851,0.0534903509956679,1.66659828894135,1.93090401587133,1.15858994256971,"fold_change"
"fish_richness","HFC",0.17570809994996,0.320467648873862,2.73645015589581,0.980302906930081,0.358238904815413,"fold_change"
"fish_richness","H_GiniSimpson",0.888826269415579,0.986783872980978,1.75069323744504,1.75069816310684,1.00000281354934,"fold_change"
"fish_richness","H_Havrda",0.324405879171458,0.333245192381795,1.75069490128818,1.75069788220823,1.00000170270676,"fold_change"
"fish_richness","H_Renyi",2.20073139497055,4.13363297522353,1.75070021782992,1.75069391880517,0.999996401996934,"fold_change"
"fish_richness","H_gamma",5269.3843130211,11721.757483518,1.82003115149729,1.82578305115727,1.00316033033569,"fold_change"
"fish_richness","H_pairedShannon",4.22023839651303,5.72678410252557,1.7507547622572,1.7506796735955,0.99995711069116,"fold_change"
"fish_richness","Hf",0.592258016593317,0.853651807937429,1.75071463844714,1.75069217626798,0.99998716970849,"fold_change"
"fish_richness","Ht",0.45077843181026,0.76888240270376,1.52687818051391,1.98325205317952,1.29889344054416,"fold_change"
"fish_richness","KURTf",4.11257945195924,39.3257633977843,1.75069841238584,1.75069332449133,0.999997093791552,"fold_change"
"fish_richness","KURTt",90.2143636285643,15861.3166140619,1.75069767626728,1.75069857360129,1.00000051255795,"fold_change"
"fish_richness","LEQf",201.118738688685,218.140390983673,1.75070431933482,1.75069568440244,0.999995067738004,"fold_change"
"fish_richness","LEQt",53.7103892317177,69.9405961685669,2.07340717792153,1.44594286879657,0.697375259521404,"fold_change"
"fish_richness","LFC",0.176339432903298,0.304280229102748,1.38015282086651,1.89498060034626,1.37302229991931,"fold_change"
"fish_richness","MEANf",5.64233822990009e-05,0.00035085035,1.81932230935825,1.58106644713952,0.869041422186056,"fold_change"
"fish_richness","MEANt",-3.38877358079622e-19,3.30065055410646e-19,1.75069764421913,1.75069802439944,1.00000021715932,"fold_change"
"fish_richness","MED",0.00123364125,0.0150006368377952,1.75069652275643,1.75070211283522,1.00000319305986,"fold_change"
"fish_richness","MFC",0.185768459865746,0.334151870412091,2.31583769507672,2.52030933420251,1.08829273293223,"fold_change"
"fish_richness","NBPEAKS",3,12,1.73148920783055,1.78482158479533,1.03080144925165,"fold_change"
"fish_richness","NDSI",-0.11416973365784,0.956543507319399,1.61900896440314,1.77115412883886,1.09397425695651,"fold_change"
"fish_richness","RAOQ",0.269469466984642,0.520361786104763,1.75070151109476,1.75069775706897,0.999997855701977,"fold_change"
"fish_richness","ROU",0.160899286836818,6.67024958577381,1.75069785904815,1.75069756269775,0.999999830724418,"fold_change"
"fish_richness","SKEWf",1.35571189359991,5.06265426591657,1.6532856299128,2.07589371928277,1.25561710676229,"fold_change"
"fish_richness","SKEWt",-17.393480807,6.87048584084201,1.71977248384225,1.76581827519341,1.02677435055147,"fold_change"
"fish_richness","SNRf",8.20054616507026,21.8927993560336,1.68060801520072,1.96003632832311,1.16626620282364,"fold_change"
"fish_richness","SNRt",8.15966564064176,23.1049447285482,1.75067035936314,1.75069982555531,1.00001683137662,"fold_change"
"fish_richness","TFSD",0.358764155365741,0.379828684845327,2.01595652577885,1.58160203703497,0.784541738281747,"fold_change"
"fish_richness","VARf",2.50815754060776e-09,2.0570284083078e-07,1.75069782210181,1.75069781804549,0.999999997683029,"fold_change"
"fish_richness","VARt",3.24254687376255e-06,0.00017551966887223,1.75069769791782,1.75069898322098,1.00000073416625,"fold_change"
"fish_richness","ZCR",2499.05859540449,19060.7827872184,1.70663265251892,1.81132608121284,1.06134502849186,"fold_change"
"fish_richness","aROI",0.933021384844474,3.19944831651224,1.49538251869045,2.16947339701183,1.45078156919455,"fold_change"
"fish_richness","nROI",94.2860871683802,454.665784254768,2.05457966401549,1.5228911678733,0.741217872709279,"fold_change"
"fish_richness","rBA",0.442915133279346,0.978271753827079,1.6190089662635,1.77115412859104,1.09397425554639,"fold_change"
"fish_presence","ACI",374.141179456072,423.811072726842,0.88556696761887,0.885567935498967,9.6788009740223e-07,"probability_change"
"fish_presence","ACTspCount",6273.5513672,11725.4570345,0.892225920496613,0.87420700220009,-0.0180189182965222,"probability_change"
"fish_presence","ACTspFract",0.166058854856056,0.310410344970218,0.809792678876671,0.821497379956963,0.0117047010802928,"probability_change"
"fish_presence","ACTspMean",16.8652033808444,27.3708574747859,0.818558288185894,0.779807907642866,-0.0387503805430286,"probability_change"
"fish_presence","ACTtCount",4657.55,7336.95,0.915253607438478,0.85001556993316,-0.0652380375053186,"probability_change"
"fish_presence","ACTtFraction",0.246561308767471,0.388419962841699,0.885585559319154,0.885550120190242,-3.54391289119071e-05,"probability_change"
"fish_presence","ACTtMean",13.0757915265561,28.1375689202539,0.885537553874425,0.885588809382378,5.12555079532628e-05,"probability_change"
"fish_presence","ADI",2.86173038373771,3.4445453324186,0.885568357549579,0.885566888907169,-1.46864240935241e-06,"probability_change"
"fish_presence","AEI",0.361218508834447,0.610515441474551,0.885566670634949,0.88556799722912,1.32659417095837e-06,"probability_change"
"fish_presence","AGI",1.8627321633047,3.81852058950753,0.796464404665657,0.943350659257636,0.146886254591979,"probability_change"
"fish_presence","AnthroEnergy",0.00221776455,1.47863752500028,0.885567241341726,0.885567147020323,-9.43214030213468e-08,"probability_change"
"fish_presence","BGNf",-75.3727955315,-53.057688791,0.885568559110033,0.885566669612156,-1.88949787693904e-06,"probability_change"
"fish_presence","BGNt",-58.38289929,-36.92848247,0.885568095580096,0.885565296041394,-2.79953870208072e-06,"probability_change"
"fish_presence","BI",1.00300322917475,50.3402830018668,0.894962889610892,0.867229911710769,-0.0277329779001233,"probability_change"
"fish_presence","BioEnergy",0.0435448963903054,1.34279869638093,0.889757095021214,0.857082944805572,-0.0326741502156427,"probability_change"
"fish_presence","EAS",0.0173078479075664,0.126341032047203,0.861158149564415,0.912058522657698,0.0509003730932828,"probability_change"
"fish_presence","ECU",0.119010378179637,0.486938694802412,0.864963191021039,0.89066168968591,0.025698498664871,"probability_change"
"fish_presence","ECV",0.058813288551181,0.273029245428403,0.890413593299034,0.875179243110501,-0.0152343501885325,"probability_change"
"fish_presence","ENRf",-58.4050052,-41.5994454975,0.833580298064323,0.867941081546419,0.0343607834820964,"probability_change"
"fish_presence","EPS",0.0150414280175312,0.0546902083625121,0.885569055397356,0.885564737384194,-4.31801316158609e-06,"probability_change"
"fish_presence","EPS_KURT",11.8939564726814,91.6877168014201,0.891359157940698,0.884340966519268,-0.00701819142143023,"probability_change"
"fish_presence","EPS_SKEW",1.20142694520092,6.90355014571539,0.889905659260737,0.877203202749281,-0.0127024565114567,"probability_change"
"fish_presence","EVNspCount",1.78306252109285,7.32486550554321,0.769544278637907,0.791490701825531,0.0219464231876237,"probability_change"
"fish_presence","EVNspFract",0.0319905691667769,0.142288136811615,0.863209564148696,0.893939365077064,0.0307298009283687,"probability_change"
"fish_presence","EVNspMean",0.0161957407839827,0.0206446862160272,0.885567256104959,0.885567225616451,-3.04885080515405e-08,"probability_change"
"fish_presence","EVNtCount",3.18961124053582,7.36700508283733,0.783434489356641,0.910794223627691,0.127359734271049,"probability_change"
"fish_presence","EVNtFraction",0.100990046542164,0.26792143157662,0.899863211911277,0.895877643616564,-0.00398556829471275,"probability_change"
"fish_presence","EVNtMean",0.0250574730966851,0.0534903509956679,0.885567160768656,0.885567396512929,2.35744273435756e-07,"probability_change"
"fish_presence","HFC",0.17570809994996,0.320467648873862,0.995765093677708,0.849443351827693,-0.146321741850015,"probability_change"
"fish_presence","H_GiniSimpson",0.888826269415579,0.986783872980978,0.940575173827448,0.879911455993003,-0.0606637178344451,"probability_change"
"fish_presence","H_Havrda",0.324405879171458,0.333245192381795,0.825620578859395,0.886591977367177,0.0609713985077821,"probability_change"
"fish_presence","H_Renyi",2.20073139497055,4.13363297522353,0.885557873611034,0.885570880002787,1.30063917521683e-05,"probability_change"
"fish_presence","H_gamma",5269.3843130211,11721.757483518,0.947763850912776,0.841712351623476,-0.106051499289299,"probability_change"
"fish_presence","H_pairedShannon",4.22023839651303,5.72678410252557,0.885550066820626,0.885572878316857,2.28114962312898e-05,"probability_change"
"fish_presence","Hf",0.592258016593317,0.853651807937429,0.696557453951464,0.921954093274667,0.225396639323203,"probability_change"
"fish_presence","Ht",0.45077843181026,0.76888240270376,0.857410531694547,0.906893906333723,0.0494833746391766,"probability_change"
"fish_presence","KURTf",4.11257945195924,39.3257633977843,0.885566778702148,0.885570745708562,3.96700641425163e-06,"probability_change"
"fish_presence","KURTt",90.2143636285643,15861.3166140619,0.885567270507158,0.885567080019886,-1.90487272289097e-07,"probability_change"
"fish_presence","LEQf",201.118738688685,218.140390983673,0.885558041199948,0.885560596567126,2.55536717819194e-06,"probability_change"
"fish_presence","LEQt",53.7103892317177,69.9405961685669,0.935242391155402,0.792640142188577,-0.142602248966824,"probability_change"
"fish_presence","LFC",0.176339432903298,0.304280229102748,0.699632993228799,0.936248352823198,0.236615359594399,"probability_change"
"fish_presence","MEANf",5.64233822990009e-05,0.00035085035,0.926073624429575,0.785384820253228,-0.140688804176347,"probability_change"
"fish_presence","MEANt",-3.38877358079622e-19,3.30065055410646e-19,0.885567048136669,0.885567457176497,4.09039828119795e-07,"probability_change"
"fish_presence","MED",0.00123364125,0.0150006368377952,0.875561724811082,0.913899624668651,0.038337899857569,"probability_change"
"fish_presence","MFC",0.185768459865746,0.334151870412091,0.90908030325046,0.915292911440328,0.00621260818986835,"probability_change"
"fish_presence","NBPEAKS",3,12,0.885567172314953,0.885567364567767,1.92252813557836e-07,"probability_change"
"fish_presence","NDSI",-0.11416973365784,0.956543507319399,0.925347378152413,0.87828231166304,-0.0470650664893736,"probability_change"
"fish_presence","RAOQ",0.269469466984642,0.520361786104763,0.885570084145523,0.885564452854994,-5.63129052977285e-06,"probability_change"
"fish_presence","ROU",0.160899286836818,6.67024958577381,0.878114568606532,0.927150130675921,0.049035562069389,"probability_change"
"fish_presence","SKEWf",1.35571189359991,5.06265426591657,0.885567357500948,0.885566901140718,-4.56360229605934e-07,"probability_change"
"fish_presence","SKEWt",-17.393480807,6.87048584084201,0.88556726042488,0.885567179602782,-8.08220972370322e-08,"probability_change"
"fish_presence","SNRf",8.20054616507026,21.8927993560336,0.96698995897889,0.884352938758267,-0.082637020220623,"probability_change"
"fish_presence","SNRt",8.15966564064176,23.1049447285482,0.782686467236146,0.918078231554986,0.135391764318839,"probability_change"
"fish_presence","TFSD",0.358764155365741,0.379828684845327,0.907201099944555,0.866855908342415,-0.0403451916021395,"probability_change"
"fish_presence","VARf",2.50815754060776e-09,2.0570284083078e-07,0.885567242682892,0.885567203873592,-3.880929999589e-08,"probability_change"
"fish_presence","VARt",3.24254687376255e-06,0.00017551966887223,0.885567297861451,0.885566696164684,-6.01696767188464e-07,"probability_change"
"fish_presence","ZCR",2499.05859540449,19060.7827872184,0.872170966296289,0.887630994445086,0.0154600281487978,"probability_change"
"fish_presence","aROI",0.933021384844474,3.19944831651224,0.80476658146363,0.936139367812553,0.131372786348923,"probability_change"
"fish_presence","nROI",94.2860871683802,454.665784254768,0.945955746045353,0.799945182999341,-0.146010563046011,"probability_change"
"fish_presence","rBA",0.442915133279346,0.978271753827079,0.92534737384232,0.878282312634076,-0.0470650612082444,"probability_change"
"dolphin_burst_pulse","ACI",374.141179456072,423.811072726842,0.0962581119443143,0.0582647309483568,0.605296839627014,"fold_change"
"dolphin_burst_pulse","ACTspCount",6273.5513672,11725.4570345,0.000899850602519447,74.346867837337,NA,"fold_change"
"dolphin_burst_pulse","ACTspFract",0.166058854856056,0.310410344970218,0.0775021814200409,0.0775899024437602,1.00113185231837,"fold_change"
"dolphin_burst_pulse","ACTspMean",16.8652033808444,27.3708574747859,0.02994120982837,0.154166312373887,5.14896736830623,"fold_change"
"dolphin_burst_pulse","ACTtCount",4657.55,7336.95,0.0774988775391047,0.0775638565430696,1.00083845090443,"fold_change"
"dolphin_burst_pulse","ACTtFraction",0.246561308767471,0.388419962841699,0.0676933558873566,0.114024618113043,1.68442850289153,"fold_change"
"dolphin_burst_pulse","ACTtMean",13.0757915265561,28.1375689202539,0.077515778698899,0.07751521455629,0.999992722222256,"fold_change"
"dolphin_burst_pulse","ADI",2.86173038373771,3.4445453324186,0.0775157807363002,0.0775155451440726,0.999996960719155,"fold_change"
"dolphin_burst_pulse","AEI",0.361218508834447,0.610515441474551,0.077515469609454,0.0775155873612608,1.00000151907493,"fold_change"
"dolphin_burst_pulse","AGI",1.8627321633047,3.81852058950753,0.201585072199919,0.0264812565939947,0.131365166601882,"fold_change"
"dolphin_burst_pulse","AnthroEnergy",0.00221776455,1.47863752500028,0.0776231014943999,0.0710501938862287,0.915322790746188,"fold_change"
"dolphin_burst_pulse","BGNf",-75.3727955315,-53.057688791,0.0775155968065429,0.077515597360465,1.00000000714594,"fold_change"
"dolphin_burst_pulse","BGNt",-58.38289929,-36.92848247,0.0536997167076227,0.110809898129708,2.06350992004355,"fold_change"
"dolphin_burst_pulse","BI",1.00300322917475,50.3402830018668,0.0939158483158819,0.0552749759578306,0.588558554802333,"fold_change"
"dolphin_burst_pulse","BioEnergy",0.0435448963903054,1.34279869638093,0.0775155301934406,0.077516062294325,1.0000068644423,"fold_change"
"dolphin_burst_pulse","EAS",0.0173078479075664,0.126341032047203,0.0775151390105136,0.0775160963612011,1.00001235049952,"fold_change"
"dolphin_burst_pulse","ECU",0.119010378179637,0.486938694802412,0.0580387389452105,0.0744435468438621,1.28265272810524,"fold_change"
"dolphin_burst_pulse","ECV",0.058813288551181,0.273029245428403,0.0775155942636122,0.0775156305346445,1.00000046791917,"fold_change"
"dolphin_burst_pulse","ENRf",-58.4050052,-41.5994454975,0.077515695454026,0.077515512067773,0.999997634204894,"fold_change"
"dolphin_burst_pulse","EPS",0.0150414280175312,0.0546902083625121,0.0275239764983162,0.349633604481016,12.7028739652646,"fold_change"
"dolphin_burst_pulse","EPS_KURT",11.8939564726814,91.6877168014201,0.0585432650153831,0.0821280176031017,1.40286021938683,"fold_change"
"dolphin_burst_pulse","EPS_SKEW",1.20142694520092,6.90355014571539,0.124569762176506,0.0118323101513169,0.0949854117450375,"fold_change"
"dolphin_burst_pulse","EVNspCount",1.78306252109285,7.32486550554321,0.0775196123873391,0.0775098941245815,0.999874634786497,"fold_change"
"dolphin_burst_pulse","EVNspFract",0.0319905691667769,0.142288136811615,0.0945505037272602,0.00937502580959904,0.0991536315516856,"fold_change"
"dolphin_burst_pulse","EVNspMean",0.0161957407839827,0.0206446862160272,0.0534113442684151,0.10807046368092,2.02336161280307,"fold_change"
"dolphin_burst_pulse","EVNtCount",3.18961124053582,7.36700508283733,0.0775148876217617,0.0775155794303849,1.00000892484843,"fold_change"
"dolphin_burst_pulse","EVNtFraction",0.100990046542164,0.26792143157662,0.0670281803768204,0.0863617890247459,1.28844000447626,"fold_change"
"dolphin_burst_pulse","EVNtMean",0.0250574730966851,0.0534903509956679,0.0775157218376493,0.0775153727045239,0.999995495970145,"fold_change"
"dolphin_burst_pulse","HFC",0.17570809994996,0.320467648873862,0.251963824335419,0.0167760274378778,0.0665810954494215,"fold_change"
"dolphin_burst_pulse","H_GiniSimpson",0.888826269415579,0.986783872980978,0.0775154548209628,0.0775156165312877,1.00000208616882,"fold_change"
"dolphin_burst_pulse","H_Havrda",0.324405879171458,0.333245192381795,0.0775153740999942,0.0775156100902624,1.00000304443178,"fold_change"
"dolphin_burst_pulse","H_Renyi",2.20073139497055,4.13363297522353,0.077515904281459,0.0775154601209539,0.999994270072584,"fold_change"
"dolphin_burst_pulse","H_gamma",5269.3843130211,11721.757483518,0.0593724534136613,0.127444202289357,2.14652073414289,"fold_change"
"dolphin_burst_pulse","H_pairedShannon",4.22023839651303,5.72678410252557,0.0775156786843465,0.0775156097413943,0.999999110593453,"fold_change"
"dolphin_burst_pulse","Hf",0.592258016593317,0.853651807937429,0.0775156594542186,0.07751561994175,0.999999490264691,"fold_change"
"dolphin_burst_pulse","Ht",0.45077843181026,0.76888240270376,0.118521555579314,0.0526312931045195,0.444065156310736,"fold_change"
"dolphin_burst_pulse","KURTf",4.11257945195924,39.3257633977843,0.07751557848119,0.0775158076179401,1.00000295600903,"fold_change"
"dolphin_burst_pulse","KURTt",90.2143636285643,15861.3166140619,0.077515604704516,0.0775156084410103,1.00000004820312,"fold_change"
"dolphin_burst_pulse","LEQf",201.118738688685,218.140390983673,0.0775156605825716,0.0775155415227623,0.999998464054767,"fold_change"
"dolphin_burst_pulse","LEQt",53.7103892317177,69.9405961685669,0.0775151457789508,0.0775159367916655,1.00001020462139,"fold_change"
"dolphin_burst_pulse","LFC",0.176339432903298,0.304280229102748,0.10544647614009,0.0574601438301339,0.544922371363036,"fold_change"
"dolphin_burst_pulse","MEANf",5.64233822990009e-05,0.00035085035,0.0775156801018358,0.0775154485484094,0.999997012818231,"fold_change"
"dolphin_burst_pulse","MEANt",-3.38877358079622e-19,3.30065055410646e-19,0.0775155141672109,0.077515694420888,1.00000232538839,"fold_change"
"dolphin_burst_pulse","MED",0.00123364125,0.0150006368377952,0.0775155788426132,0.0775156929512238,1.00000147207326,"fold_change"
"dolphin_burst_pulse","MFC",0.185768459865746,0.334151870412091,0.775424408470593,0.00266782529998579,0.00344047114179404,"fold_change"
"dolphin_burst_pulse","NBPEAKS",3,12,0.090555813676565,0.0567980139179907,0.627215543784458,"fold_change"
"dolphin_burst_pulse","NDSI",-0.11416973365784,0.956543507319399,0.077515494748549,0.0775156392776263,1.00000186451854,"fold_change"
"dolphin_burst_pulse","RAOQ",0.269469466984642,0.520361786104763,0.0775130389588587,0.077516944261178,1.00005038252108,"fold_change"
"dolphin_burst_pulse","ROU",0.160899286836818,6.67024958577381,0.0775156887016182,0.0775150251130093,0.999991439299321,"fold_change"
"dolphin_burst_pulse","SKEWf",1.35571189359991,5.06265426591657,0.0775154868102302,0.0775160648229898,1.00000745673908,"fold_change"
"dolphin_burst_pulse","SKEWt",-17.393480807,6.87048584084201,0.0887213717307688,0.0726264796288932,0.818590585471146,"fold_change"
"dolphin_burst_pulse","SNRf",8.20054616507026,21.8927993560336,0.0958769529638805,0.0886653386946649,0.924782608893167,"fold_change"
"dolphin_burst_pulse","SNRt",8.15966564064176,23.1049447285482,0.0775159700136207,0.0775149991674908,0.999987475534012,"fold_change"
"dolphin_burst_pulse","TFSD",0.358764155365741,0.379828684845327,0.0775154874440455,0.0775156828691161,1.00000252111,"fold_change"
"dolphin_burst_pulse","VARf",2.50815754060776e-09,2.0570284083078e-07,0.0775156146081605,0.0775154865378749,0.999998347813067,"fold_change"
"dolphin_burst_pulse","VARt",3.24254687376255e-06,0.00017551966887223,0.0775155975720021,0.0775156778517066,1.00000103565872,"fold_change"
"dolphin_burst_pulse","ZCR",2499.05859540449,19060.7827872184,0.0775151447507624,0.0775157622834762,1.00000796660725,"fold_change"
"dolphin_burst_pulse","aROI",0.933021384844474,3.19944831651224,0.0598782571837701,0.0794401394859017,1.32669424966887,"fold_change"
"dolphin_burst_pulse","nROI",94.2860871683802,454.665784254768,0.0775152555380189,0.0775157682443154,1.00000661426313,"fold_change"
"dolphin_burst_pulse","rBA",0.442915133279346,0.978271753827079,0.077515494748549,0.0775156392776265,1.00000186451855,"fold_change"
"dolphin_echolocation","ACI",374.141179456072,423.811072726842,0.385368383160665,0.410062329286469,1.06407880668173,"fold_change"
"dolphin_echolocation","ACTspCount",6273.5513672,11725.4570345,0.0187253552308423,44.5244406114371,2377.76213388472,"fold_change"
"dolphin_echolocation","ACTspFract",0.166058854856056,0.310410344970218,0.124362424232086,2.4094477006259,19.374402802967,"fold_change"
"dolphin_echolocation","ACTspMean",16.8652033808444,27.3708574747859,0.399225704986485,0.399222680026714,0.999992422933361,"fold_change"
"dolphin_echolocation","ACTtCount",4657.55,7336.95,0.399223904210482,0.399225994665665,1.00000523629763,"fold_change"
"dolphin_echolocation","ACTtFraction",0.246561308767471,0.388419962841699,0.399224348286813,0.399225399842494,1.00000263399686,"fold_change"
"dolphin_echolocation","ACTtMean",13.0757915265561,28.1375689202539,0.674885480896273,0.231427341660833,0.342913498973913,"fold_change"
"dolphin_echolocation","ADI",2.86173038373771,3.4445453324186,0.399230148759652,0.399222312297684,0.999980371066684,"fold_change"
"dolphin_echolocation","AEI",0.361218508834447,0.610515441474551,0.445366667398181,0.331398918910967,0.744103551455681,"fold_change"
"dolphin_echolocation","AGI",1.8627321633047,3.81852058950753,0.39923205553259,0.399217079492111,0.999962487880741,"fold_change"
"dolphin_echolocation","AnthroEnergy",0.00221776455,1.47863752500028,0.399224218906567,0.399224498996876,1.00000070158647,"fold_change"
"dolphin_echolocation","BGNf",-75.3727955315,-53.057688791,0.399222975412162,0.399226573913551,1.00000901376326,"fold_change"
"dolphin_echolocation","BGNt",-58.38289929,-36.92848247,0.399225078575847,0.39922103599913,0.999989873940958,"fold_change"
"dolphin_echolocation","BI",1.00300322917475,50.3402830018668,0.457969260649785,0.313449714324268,0.684433959343763,"fold_change"
"dolphin_echolocation","BioEnergy",0.0435448963903054,1.34279869638093,0.391254091939338,0.451375498321472,1.15366332933192,"fold_change"
"dolphin_echolocation","EAS",0.0173078479075664,0.126341032047203,0.399224814662894,0.399223137960792,0.999995800105503,"fold_change"
"dolphin_echolocation","ECU",0.119010378179637,0.486938694802412,0.461337794445963,0.322053381446874,0.698085839322226,"fold_change"
"dolphin_echolocation","ECV",0.058813288551181,0.273029245428403,0.336504205238634,0.483024268779651,1.43541822437883,"fold_change"
"dolphin_echolocation","ENRf",-58.4050052,-41.5994454975,0.399223921591246,0.399230067987654,1.00001539586201,"fold_change"
"dolphin_echolocation","EPS",0.0150414280175312,0.0546902083625121,0.288255207171566,0.5542365477858,1.92272865848326,"fold_change"
"dolphin_echolocation","EPS_KURT",11.8939564726814,91.6877168014201,0.357113486762172,0.244774650045482,0.685425387500125,"fold_change"
"dolphin_echolocation","EPS_SKEW",1.20142694520092,6.90355014571539,0.506227388670729,0.257992875824346,0.509638319850283,"fold_change"
"dolphin_echolocation","EVNspCount",1.78306252109285,7.32486550554321,0.399204591692495,0.399202947610546,0.999995881605614,"fold_change"
"dolphin_echolocation","EVNspFract",0.0319905691667769,0.142288136811615,1.41099030403879,0.0309634101665946,0.0219444528271849,"fold_change"
"dolphin_echolocation","EVNspMean",0.0161957407839827,0.0206446862160272,0.331542616857814,0.47177375778529,1.4229656574968,"fold_change"
"dolphin_echolocation","EVNtCount",3.18961124053582,7.36700508283733,0.399227386305688,0.399229823693398,1.0000061052618,"fold_change"
"dolphin_echolocation","EVNtFraction",0.100990046542164,0.26792143157662,0.399214477251324,0.39922853986736,1.0000352257166,"fold_change"
"dolphin_echolocation","EVNtMean",0.0250574730966851,0.0534903509956679,0.383877333442411,0.431616271060497,1.1243598760833,"fold_change"
"dolphin_echolocation","HFC",0.17570809994996,0.320467648873862,2.64385543797461,0.0342938708521047,0.0129711596025751,"fold_change"
"dolphin_echolocation","H_GiniSimpson",0.888826269415579,0.986783872980978,0.399223859427728,0.39922425059485,1.000000979819,"fold_change"
"dolphin_echolocation","H_Havrda",0.324405879171458,0.333245192381795,0.399223695523952,0.399224234201333,1.00000134931214,"fold_change"
"dolphin_echolocation","H_Renyi",2.20073139497055,4.13363297522353,0.399224096218665,0.399223962193567,0.999999664286051,"fold_change"
"dolphin_echolocation","H_gamma",5269.3843130211,11721.757483518,0.399224312680293,0.399224499233362,1.00000046728885,"fold_change"
"dolphin_echolocation","H_pairedShannon",4.22023839651303,5.72678410252557,0.399221297556345,0.399225267228654,1.00000994353842,"fold_change"
"dolphin_echolocation","Hf",0.592258016593317,0.853651807937429,0.399221616051205,0.399225250555518,1.00000910397676,"fold_change"
"dolphin_echolocation","Ht",0.45077843181026,0.76888240270376,0.73303660785908,0.187407958164606,0.255659753081027,"fold_change"
"dolphin_echolocation","KURTf",4.11257945195924,39.3257633977843,0.399224375355695,0.399223070396473,0.999996731263663,"fold_change"
"dolphin_echolocation","KURTt",90.2143636285643,15861.3166140619,0.394369713257925,0.425520184117993,1.07898798972855,"fold_change"
"dolphin_echolocation","LEQf",201.118738688685,218.140390983673,0.399223553951698,0.399230011268906,1.00001617468996,"fold_change"
"dolphin_echolocation","LEQt",53.7103892317177,69.9405961685669,0.324215597448805,0.505121123894332,1.55797909745565,"fold_change"
"dolphin_echolocation","LFC",0.176339432903298,0.304280229102748,0.399225766567303,0.399223776979127,0.999995016383354,"fold_change"
"dolphin_echolocation","MEANf",5.64233822990009e-05,0.00035085035,0.443650512920228,0.338832304459841,0.763736983486292,"fold_change"
"dolphin_echolocation","MEANt",-3.38877358079622e-19,3.30065055410646e-19,0.399224317210931,0.399224114212113,0.999999491516902,"fold_change"
"dolphin_echolocation","MED",0.00123364125,0.0150006368377952,0.399224463494876,0.39922343041726,0.999997412288799,"fold_change"
"dolphin_echolocation","MFC",0.185768459865746,0.334151870412091,1.05772145237087,0.170349821243334,0.161053574985641,"fold_change"
"dolphin_echolocation","NBPEAKS",3,12,0.442295170243158,0.31465950710019,0.711424243966313,"fold_change"
"dolphin_echolocation","NDSI",-0.11416973365784,0.956543507319399,0.369025388856757,0.408145620783902,1.10600959475536,"fold_change"
"dolphin_echolocation","RAOQ",0.269469466984642,0.520361786104763,0.415595495781999,0.408209744135194,0.982228508918491,"fold_change"
"dolphin_echolocation","ROU",0.160899286836818,6.67024958577381,0.399223929142631,0.39922626888156,1.00000586071815,"fold_change"
"dolphin_echolocation","SKEWf",1.35571189359991,5.06265426591657,0.399223918125191,0.399225223745523,1.00000327039607,"fold_change"
"dolphin_echolocation","SKEWt",-17.393480807,6.87048584084201,0.399221144012798,0.399226193909007,1.00001264937062,"fold_change"
"dolphin_echolocation","SNRf",8.20054616507026,21.8927993560336,0.517923584872603,0.470632592600468,0.908691178286912,"fold_change"
"dolphin_echolocation","SNRt",8.15966564064176,23.1049447285482,0.433821911483436,0.424169544662622,0.977750393501777,"fold_change"
"dolphin_echolocation","TFSD",0.358764155365741,0.379828684845327,0.406781495423802,0.394196643596075,0.969062378772623,"fold_change"
"dolphin_echolocation","VARf",2.50815754060776e-09,2.0570284083078e-07,0.399224182570625,0.399224743430639,1.00000140487485,"fold_change"
"dolphin_echolocation","VARt",3.24254687376255e-06,0.00017551966887223,0.399224250206086,0.399223971002437,0.999999300634545,"fold_change"
"dolphin_echolocation","ZCR",2499.05859540449,19060.7827872184,0.344737478160135,0.485646301284596,1.40874239690008,"fold_change"
"dolphin_echolocation","aROI",0.933021384844474,3.19944831651224,0.245732340420562,0.418058656005401,1.70127649982867,"fold_change"
"dolphin_echolocation","nROI",94.2860871683802,454.665784254768,0.359489191862484,0.421465070373894,1.17239983819908,"fold_change"
"dolphin_echolocation","rBA",0.442915133279346,0.978271753827079,0.369025386285909,0.40814562160595,1.10600960468809,"fold_change"
"dolphin_whistle","ACI",374.141179456072,423.811072726842,0.0183221818325573,0.0183220156648301,0.999990930789322,"fold_change"
"dolphin_whistle","ACTspCount",6273.5513672,11725.4570345,0.004222315080369,0.00502786649738768,NA,"fold_change"
"dolphin_whistle","ACTspFract",0.166058854856056,0.310410344970218,0.0183172252260794,0.0183180927581838,1.00004736154596,"fold_change"
"dolphin_whistle","ACTspMean",16.8652033808444,27.3708574747859,0.0183221016713787,0.0183220928651945,0.999999519368232,"fold_change"
"dolphin_whistle","ACTtCount",4657.55,7336.95,0.0183220243562264,0.0183224435750825,1.00002288059703,"fold_change"
"dolphin_whistle","ACTtFraction",0.246561308767471,0.388419962841699,0.0183219851021042,0.0183225550483886,1.00003110723435,"fold_change"
"dolphin_whistle","ACTtMean",13.0757915265561,28.1375689202539,0.0183221766701898,0.0183220272623655,0.999991845519943,"fold_change"
"dolphin_whistle","ADI",2.86173038373771,3.4445453324186,0.0183219968527005,0.0183221432437458,1.0000079899067,"fold_change"
"dolphin_whistle","AEI",0.361218508834447,0.610515441474551,0.0230143723203682,0.012427676617628,0.539996331189501,"fold_change"
"dolphin_whistle","AGI",1.8627321633047,3.81852058950753,0.0183220674570612,0.0183221152167898,1.00000260667792,"fold_change"
"dolphin_whistle","AnthroEnergy",0.00221776455,1.47863752500028,0.0183221072610347,0.018322115064244,1.00000042589038,"fold_change"
"dolphin_whistle","BGNf",-75.3727955315,-53.057688791,0.0126441754914447,0.0342002650737846,2.7048236634271,"fold_change"
"dolphin_whistle","BGNt",-58.38289929,-36.92848247,0.0183219906015926,0.0183221217436566,1.00000715763188,"fold_change"
"dolphin_whistle","BI",1.00300322917475,50.3402830018668,0.022040843566295,0.0132303439445651,0.600264863038048,"fold_change"
"dolphin_whistle","BioEnergy",0.0435448963903054,1.34279869638093,0.0183221143794285,0.0183220648490306,0.999997296687661,"fold_change"
"dolphin_whistle","EAS",0.0173078479075664,0.126341032047203,0.0183220436550493,0.0183221735428457,1.0000070891544,"fold_change"
"dolphin_whistle","ECU",0.119010378179637,0.486938694802412,0.0265332068176065,0.0105706022149009,0.398391430314657,"fold_change"
"dolphin_whistle","ECV",0.058813288551181,0.273029245428403,0.0183222157424603,0.0183218705360346,0.999981159133235,"fold_change"
"dolphin_whistle","ENRf",-58.4050052,-41.5994454975,0.0183220565287718,0.0183221444641523,1.00000479942742,"fold_change"
"dolphin_whistle","EPS",0.0150414280175312,0.0546902083625121,0.0143943645006471,0.0229461553872264,1.59410687329717,"fold_change"
"dolphin_whistle","EPS_KURT",11.8939564726814,91.6877168014201,0.0183220929636131,0.0183221117447137,1.00000102505214,"fold_change"
"dolphin_whistle","EPS_SKEW",1.20142694520092,6.90355014571539,0.0231547845792789,0.0252214515093596,1.08925442268766,"fold_change"
"dolphin_whistle","EVNspCount",1.78306252109285,7.32486550554321,0.0183221062300649,0.0183221996758417,1.00000510016565,"fold_change"
"dolphin_whistle","EVNspFract",0.0319905691667769,0.142288136811615,0.018322092512863,0.0183221619789485,1.00000379138384,"fold_change"
"dolphin_whistle","EVNspMean",0.0161957407839827,0.0206446862160272,0.0102389107163412,0.030793063652364,3.00745504140577,"fold_change"
"dolphin_whistle","EVNtCount",3.18961124053582,7.36700508283733,0.00671609270562599,0.055021201916439,NA,"fold_change"
"dolphin_whistle","EVNtFraction",0.100990046542164,0.26792143157662,0.0183221443722493,0.0183221312637307,0.999999284553254,"fold_change"
"dolphin_whistle","EVNtMean",0.0250574730966851,0.0534903509956679,0.0183221289859885,0.0183220643095243,0.999996470035536,"fold_change"
"dolphin_whistle","HFC",0.17570809994996,0.320467648873862,0.0183219337575728,0.0183218273850891,0.999994194254542,"fold_change"
"dolphin_whistle","H_GiniSimpson",0.888826269415579,0.986783872980978,0.0183220548649618,0.0183221113405894,1.00000308238503,"fold_change"
"dolphin_whistle","H_Havrda",0.324405879171458,0.333245192381795,0.0183220581679403,0.0183221084012916,1.00000274168714,"fold_change"
"dolphin_whistle","H_Renyi",2.20073139497055,4.13363297522353,0.0183221144596696,0.0183221032257284,0.999999386864368,"fold_change"
"dolphin_whistle","H_gamma",5269.3843130211,11721.757483518,0.0198524971977812,0.0199825269728019,1.00654979440245,"fold_change"
"dolphin_whistle","H_pairedShannon",4.22023839651303,5.72678410252557,0.0183220565729194,0.0183221239275339,1.00000367614925,"fold_change"
"dolphin_whistle","Hf",0.592258016593317,0.853651807937429,0.0183220722212685,0.0183221199956734,1.00000260747825,"fold_change"
"dolphin_whistle","Ht",0.45077843181026,0.76888240270376,0.134225917262379,0.00298130925594459,0.0222111296890365,"fold_change"
"dolphin_whistle","KURTf",4.11257945195924,39.3257633977843,0.0183221093905544,0.0183220924264669,0.999999074119299,"fold_change"
"dolphin_whistle","KURTt",90.2143636285643,15861.3166140619,0.0183221254586064,0.01832201350042,0.999993889454221,"fold_change"
"dolphin_whistle","LEQf",201.118738688685,218.140390983673,0.0183220663445517,0.0183221345288783,1.00000372143214,"fold_change"
"dolphin_whistle","LEQt",53.7103892317177,69.9405961685669,0.0183220895643803,0.0183220978371081,1.00000045151661,"fold_change"
"dolphin_whistle","LFC",0.176339432903298,0.304280229102748,0.0183220579503467,0.0183221576947094,1.00000544394974,"fold_change"
"dolphin_whistle","MEANf",5.64233822990009e-05,0.00035085035,0.0183220439939207,0.0183221982943566,1.00000842157327,"fold_change"
"dolphin_whistle","MEANt",-3.38877358079622e-19,3.30065055410646e-19,0.01832211880765,0.0183220948143709,0.999998690474651,"fold_change"
"dolphin_whistle","MED",0.00123364125,0.0150006368377952,0.0183221169362906,0.0183220758177306,0.999997755796446,"fold_change"
"dolphin_whistle","MFC",0.185768459865746,0.334151870412091,0.0395792982811868,0.00934531178535362,0.236116156455349,"fold_change"
"dolphin_whistle","NBPEAKS",3,12,0.0183221039260309,0.0183221132131529,1.00000050688076,"fold_change"
"dolphin_whistle","NDSI",-0.11416973365784,0.956543507319399,0.0183220436936962,0.0183221241432278,1.00000439086016,"fold_change"
"dolphin_whistle","RAOQ",0.269469466984642,0.520361786104763,0.0183222432828734,0.0183222083513224,0.999998093489403,"fold_change"
"dolphin_whistle","ROU",0.160899286836818,6.67024958577381,0.01832210516639,0.0183221227984232,1.00000096233665,"fold_change"
"dolphin_whistle","SKEWf",1.35571189359991,5.06265426591657,0.0183221073202683,0.0183221099201403,1.00000014189808,"fold_change"
"dolphin_whistle","SKEWt",-17.393480807,6.87048584084201,0.0183221236571182,0.0183220977853469,0.999998587949096,"fold_change"
"dolphin_whistle","SNRf",8.20054616507026,21.8927993560336,0.025629098745471,0.0226526098019801,0.883862910161173,"fold_change"
"dolphin_whistle","SNRt",8.15966564064176,23.1049447285482,0.0667337342265637,0.00496149400725167,0.0743476154115278,"fold_change"
"dolphin_whistle","TFSD",0.358764155365741,0.379828684845327,0.0416144438851023,0.00998924785539909,0.2400428054014,"fold_change"
"dolphin_whistle","VARf",2.50815754060776e-09,2.0570284083078e-07,0.0183221064078776,0.0183221198411557,1.00000073317324,"fold_change"
"dolphin_whistle","VARt",3.24254687376255e-06,0.00017551966887223,0.0183221098282295,0.0183220844628454,0.999998615586065,"fold_change"
"dolphin_whistle","ZCR",2499.05859540449,19060.7827872184,0.0108374960028378,0.0369427200510207,3.40878742113004,"fold_change"
"dolphin_whistle","aROI",0.933021384844474,3.19944831651224,0.019435262539295,0.00879838080867159,0.45270192727691,"fold_change"
"dolphin_whistle","nROI",94.2860871683802,454.665784254768,0.0183218700125708,0.0183224077331977,1.00002934856685,"fold_change"
"dolphin_whistle","rBA",0.442915133279346,0.978271753827079,0.0183220436936962,0.0183221241432279,1.00000439086016,"fold_change"
"dolphin_activity","ACI",374.141179456072,423.811072726842,0.563733273720433,0.56372836762554,0.999991297134438,"fold_change"
"dolphin_activity","ACTspCount",6273.5513672,11725.4570345,0.0141467720853636,164.810582276992,11650.048596422,"fold_change"
"dolphin_activity","ACTspFract",0.166058854856056,0.310410344970218,0.185707885307376,3.12140249334442,16.808131158125,"fold_change"
"dolphin_activity","ACTspMean",16.8652033808444,27.3708574747859,0.563727323491609,0.563725914789109,0.999997501092387,"fold_change"
"dolphin_activity","ACTtCount",4657.55,7336.95,0.563727531312706,0.563746979853745,1.00003449989571,"fold_change"
"dolphin_activity","ACTtFraction",0.246561308767471,0.388419962841699,0.563727785837898,0.56374471955424,1.00003003881797,"fold_change"
"dolphin_activity","ACTtMean",13.0757915265561,28.1375689202539,0.914719231759403,0.340999250153805,0.372791167293941,"fold_change"
"dolphin_activity","ADI",2.86173038373771,3.4445453324186,0.563746535767035,0.563726180642748,0.999963893127505,"fold_change"
"dolphin_activity","AEI",0.361218508834447,0.610515441474551,0.633192392558015,0.462552103913748,0.730507993068422,"fold_change"
"dolphin_activity","AGI",1.8627321633047,3.81852058950753,0.563736978814196,0.563725787295641,0.999980147623846,"fold_change"
"dolphin_activity","AnthroEnergy",0.00221776455,1.47863752500028,0.563731231402912,0.563731010995135,0.999999609019751,"fold_change"
"dolphin_activity","BGNf",-75.3727955315,-53.057688791,0.5637294474829,0.563733704711798,1.00000755190086,"fold_change"
"dolphin_activity","BGNt",-58.38289929,-36.92848247,0.563724929713468,0.563730626273577,1.00001010521233,"fold_change"
"dolphin_activity","BI",1.00300322917475,50.3402830018668,0.668909487323184,0.417027487552371,0.623443822304293,"fold_change"
"dolphin_activity","BioEnergy",0.0435448963903054,1.34279869638093,0.553580990019077,0.629671802864098,1.1374519974799,"fold_change"
"dolphin_activity","EAS",0.0173078479075664,0.126341032047203,0.563726468316839,0.563735922763483,1.00001677133712,"fold_change"
"dolphin_activity","ECU",0.119010378179637,0.486938694802412,0.684056461629328,0.422921809492216,0.6182557043389,"fold_change"
"dolphin_activity","ECV",0.058813288551181,0.273029245428403,0.461046370828638,0.705392652763495,1.52998200917555,"fold_change"
"dolphin_activity","ENRf",-58.4050052,-41.5994454975,0.563729369699558,0.563735244159831,1.00001042070999,"fold_change"
"dolphin_activity","EPS",0.0150414280175312,0.0546902083625121,0.37748819702496,0.819461444859496,2.17082666774165,"fold_change"
"dolphin_activity","EPS_KURT",11.8939564726814,91.6877168014201,0.452723622976383,0.58976362010869,1.30270122913258,"fold_change"
"dolphin_activity","EPS_SKEW",1.20142694520092,6.90355014571539,0.83973954758967,0.250131381711032,0.297867812024563,"fold_change"
"dolphin_activity","EVNspCount",1.78306252109285,7.32486550554321,1.73651218174722,0.0784743226561775,0.0451907700280106,"fold_change"
"dolphin_activity","EVNspFract",0.0319905691667769,0.142288136811615,0.653472875212468,0.172550955812216,0.26405220837378,"fold_change"
"dolphin_activity","EVNspMean",0.0161957407839827,0.0206446862160272,0.563728925441451,0.563733290074842,1.00000774243292,"fold_change"
"dolphin_activity","EVNtCount",3.18961124053582,7.36700508283733,0.563734452702096,0.563735676338525,1.00000217059011,"fold_change"
"dolphin_activity","EVNtFraction",0.100990046542164,0.26792143157662,0.461681646918795,0.653957320267387,1.41646808928147,"fold_change"
"dolphin_activity","EVNtMean",0.0250574730966851,0.0534903509956679,0.563730976970364,0.563731728698982,1.00000133348822,"fold_change"
"dolphin_activity","HFC",0.17570809994996,0.320467648873862,4.83953383876132,0.0345723108258853,0.00714372746998585,"fold_change"
"dolphin_activity","H_GiniSimpson",0.888826269415579,0.986783872980978,0.563725992188724,0.563731620303983,1.00000998377818,"fold_change"
"dolphin_activity","H_Havrda",0.324405879171458,0.333245192381795,0.563727441146582,0.5637313062661,1.0000068563622,"fold_change"
"dolphin_activity","H_Renyi",2.20073139497055,4.13363297522353,0.563730983250141,0.563730645184693,0.999999400307137,"fold_change"
"dolphin_activity","H_gamma",5269.3843130211,11721.757483518,0.563731296821397,0.563734189492624,1.00000513129437,"fold_change"
"dolphin_activity","H_pairedShannon",4.22023839651303,5.72678410252557,0.563727690239323,0.563732372880932,1.00000830656661,"fold_change"
"dolphin_activity","Hf",0.592258016593317,0.853651807937429,0.563727895129254,0.563732403708668,1.00000799779371,"fold_change"
"dolphin_activity","Ht",0.45077843181026,0.76888240270376,1.15088255012444,0.253504784553125,0.2202699002828,"fold_change"
"dolphin_activity","KURTf",4.11257945195924,39.3257633977843,0.563731703243201,0.563727633874319,0.999992781373021,"fold_change"
"dolphin_activity","KURTt",90.2143636285643,15861.3166140619,0.55952800884063,0.586163399629567,1.04760331988407,"fold_change"
"dolphin_activity","LEQf",201.118738688685,218.140390983673,0.563729823327953,0.563734538024303,1.00000836339706,"fold_change"
"dolphin_activity","LEQt",53.7103892317177,69.9405961685669,0.451860099047549,0.723896228338982,1.602036183024,"fold_change"
"dolphin_activity","LFC",0.176339432903298,0.304280229102748,0.563738413430938,0.563730592662364,0.999986126954652,"fold_change"
"dolphin_activity","MEANf",5.64233822990009e-05,0.00035085035,0.637043365733701,0.466135437512718,0.731716964002689,"fold_change"
"dolphin_activity","MEANt",-3.38877358079622e-19,3.30065055410646e-19,0.56373146267201,0.563730947128783,0.999999085480833,"fold_change"
"dolphin_activity","MED",0.00123364125,0.0150006368377952,0.563732163301682,0.563728148345916,0.999992877901906,"fold_change"
"dolphin_activity","MFC",0.185768459865746,0.334151870412091,1.89710047775048,0.195167740545135,0.102876860152689,"fold_change"
"dolphin_activity","NBPEAKS",3,12,0.611590690914089,0.450881074315361,0.73722684307289,"fold_change"
"dolphin_activity","NDSI",-0.11416973365784,0.956543507319399,0.512890042428836,0.578902142341926,1.12870614449928,"fold_change"
"dolphin_activity","RAOQ",0.269469466984642,0.520361786104763,0.607257522712014,0.587438674441865,0.967363354871855,"fold_change"
"dolphin_activity","ROU",0.160899286836818,6.67024958577381,0.56373119970624,0.563731424068497,1.0000003979951,"fold_change"
"dolphin_activity","SKEWf",1.35571189359991,5.06265426591657,0.563730428517794,0.563733663603584,1.00000573871061,"fold_change"
"dolphin_activity","SKEWt",-17.393480807,6.87048584084201,0.563728228132952,0.563733307749545,1.00000901075437,"fold_change"
"dolphin_activity","SNRf",8.20054616507026,21.8927993560336,0.756683069684365,0.679029496591407,0.897376357151284,"fold_change"
"dolphin_activity","SNRt",8.15966564064176,23.1049447285482,0.563744230132669,0.563722050295311,0.999960656205114,"fold_change"
"dolphin_activity","TFSD",0.358764155365741,0.379828684845327,0.563735781359872,0.563727993758439,0.999986185724428,"fold_change"
"dolphin_activity","VARf",2.50815754060776e-09,2.0570284083078e-07,0.563731232831813,0.563731165591856,0.999999880723378,"fold_change"
"dolphin_activity","VARt",3.24254687376255e-06,0.00017551966887223,0.563731256666504,0.563730958751214,0.999999471529588,"fold_change"
"dolphin_activity","ZCR",2499.05859540449,19060.7827872184,0.469096565596489,0.720534559670688,1.53600476429513,"fold_change"
"dolphin_activity","aROI",0.933021384844474,3.19944831651224,0.337513814078002,0.591883004424894,1.75365564233796,"fold_change"
"dolphin_activity","nROI",94.2860871683802,454.665784254768,0.481753924260357,0.611452241763868,1.26922109187307,"fold_change"
"dolphin_activity","rBA",0.442915133279346,0.978271753827079,0.512890043842721,0.57890214193293,1.12870614059035,"fold_change"
"dolphin_presence","ACI",374.141179456072,423.811072726842,0.0622490634992792,0.0570274912341656,-0.00522157226511365,"probability_change"
"dolphin_presence","ACTspCount",6273.5513672,11725.4570345,0.0627008029627418,0.0628312704056555,0.000130467442913729,"probability_change"
"dolphin_presence","ACTspFract",0.166058854856056,0.310410344970218,0.00126247625746258,0.968160567821669,0.966898091564206,"probability_change"
"dolphin_presence","ACTspMean",16.8652033808444,27.3708574747859,0.0627521195494521,0.062752431644111,3.12094658991291e-07,"probability_change"
"dolphin_presence","ACTtCount",4657.55,7336.95,0.0627532866334586,0.0627523612071406,-9.2542631804915e-07,"probability_change"
"dolphin_presence","ACTtFraction",0.246561308767471,0.388419962841699,0.06275314100621,0.0627524771606531,-6.63845556830855e-07,"probability_change"
"dolphin_presence","ACTtMean",13.0757915265561,28.1375689202539,0.10437417358017,0.0362877193097945,-0.0680864542703754,"probability_change"
"dolphin_presence","ADI",2.86173038373771,3.4445453324186,0.0706830614204939,0.0606052890935845,-0.0100777723269094,"probability_change"
"dolphin_presence","AEI",0.361218508834447,0.610515441474551,0.074531460739555,0.0466136227007205,-0.0279178380388345,"probability_change"
"dolphin_presence","AGI",1.8627321633047,3.81852058950753,0.0595708806439008,0.0644154413934832,0.00484456074958241,"probability_change"
"dolphin_presence","AnthroEnergy",0.00221776455,1.47863752500028,0.0627528349361852,0.0627529032999553,6.83637701170969e-08,"probability_change"
"dolphin_presence","BGNf",-75.3727955315,-53.057688791,0.0627531481313261,0.0627526168493119,-5.31282014132328e-07,"probability_change"
"dolphin_presence","BGNt",-58.38289929,-36.92848247,0.0547252067590092,0.0612082982848603,0.00648309152585117,"probability_change"
"dolphin_presence","BI",1.00300322917475,50.3402830018668,0.0758913771689524,0.0446353686231982,-0.0312560085457541,"probability_change"
"dolphin_presence","BioEnergy",0.0435448963903054,1.34279869638093,0.0612535959496364,0.0726065996566728,0.0113530037070364,"probability_change"
"dolphin_presence","EAS",0.0173078479075664,0.126341032047203,0.0536199923408381,0.0733449104827011,0.0197249181418631,"probability_change"
"dolphin_presence","ECU",0.119010378179637,0.486938694802412,0.0828875470261558,0.0411170954645651,-0.0417704515615907,"probability_change"
"dolphin_presence","ECV",0.058813288551181,0.273029245428403,0.0543766426646616,0.0735025435846511,0.0191259009199896,"probability_change"
"dolphin_presence","ENRf",-58.4050052,-41.5994454975,0.0512939265092705,0.0782953165089535,0.027001389999683,"probability_change"
"dolphin_presence","EPS",0.0150414280175312,0.0546902083625121,0.0627522512147251,0.0627534138737312,1.16265900607093e-06,"probability_change"
"dolphin_presence","EPS_KURT",11.8939564726814,91.6877168014201,0.0663505289896525,0.0515935107485795,-0.0147570182410729,"probability_change"
"dolphin_presence","EPS_SKEW",1.20142694520092,6.90355014571539,0.0627524864649555,0.0627526781879312,1.91722975717568e-07,"probability_change"
"dolphin_presence","EVNspCount",1.78306252109285,7.32486550554321,0.195750432352319,0.00692399394063623,-0.188826438411683,"probability_change"
"dolphin_presence","EVNspFract",0.0319905691667769,0.142288136811615,0.0522798574714967,0.0335954090662477,-0.018684448405249,"probability_change"
"dolphin_presence","EVNspMean",0.0161957407839827,0.0206446862160272,0.0707517752049273,0.0563363064873287,-0.0144154687175986,"probability_change"
"dolphin_presence","EVNtCount",3.18961124053582,7.36700508283733,0.0684073427031322,0.0727830380651188,0.00437569536198658,"probability_change"
"dolphin_presence","EVNtFraction",0.100990046542164,0.26792143157662,0.0542491081943913,0.069864004250464,0.0156148960560727,"probability_change"
"dolphin_presence","EVNtMean",0.0250574730966851,0.0534903509956679,0.0627531366105952,0.0627522356140954,-9.00996499797468e-07,"probability_change"
"dolphin_presence","HFC",0.17570809994996,0.320467648873862,0.218590524223724,0.0103511403374883,-0.208239383886235,"probability_change"
"dolphin_presence","H_GiniSimpson",0.888826269415579,0.986783872980978,0.062752849897222,0.0627528349427755,-1.49544465838369e-08,"probability_change"
"dolphin_presence","H_Havrda",0.324405879171458,0.333245192381795,0.0627525190810477,0.062752842562677,3.23481629371791e-07,"probability_change"
"dolphin_presence","H_Renyi",2.20073139497055,4.13363297522353,0.0627552267776377,0.0627520107176344,-3.21606000329433e-06,"probability_change"
"dolphin_presence","H_gamma",5269.3843130211,11721.757483518,0.0627538232755257,0.0627534478314,-3.7544412569146e-07,"probability_change"
"dolphin_presence","H_pairedShannon",4.22023839651303,5.72678410252557,0.062753295925796,0.0627527412717423,-5.54654053672166e-07,"probability_change"
"dolphin_presence","Hf",0.592258016593317,0.853651807937429,0.0627534121037789,0.062752722770305,-6.89333473899434e-07,"probability_change"
"dolphin_presence","Ht",0.45077843181026,0.76888240270376,0.122038757068066,0.0233977717571514,-0.098640985310915,"probability_change"
"dolphin_presence","KURTf",4.11257945195924,39.3257633977843,0.0627528163890586,0.0627529824228474,1.66033788842612e-07,"probability_change"
"dolphin_presence","KURTt",90.2143636285643,15861.3166140619,0.0616731930318675,0.0686728862788232,0.00699969324695571,"probability_change"
"dolphin_presence","LEQf",201.118738688685,218.140390983673,0.0627135416009875,0.0627977584722103,8.42168712228003e-05,"probability_change"
"dolphin_presence","LEQt",53.7103892317177,69.9405961685669,0.0627513968492617,0.0627548408565103,3.4440072486791e-06,"probability_change"
"dolphin_presence","LFC",0.176339432903298,0.304280229102748,0.0627529206192357,0.0627536847267632,7.64107527501112e-07,"probability_change"
"dolphin_presence","MEANf",5.64233822990009e-05,0.00035085035,0.0627523973853543,0.0627540896093934,1.69222403907654e-06,"probability_change"
"dolphin_presence","MEANt",-3.38877358079622e-19,3.30065055410646e-19,0.0627529822252045,0.0627526813910042,-3.00834200286926e-07,"probability_change"
"dolphin_presence","MED",0.00123364125,0.0150006368377952,0.0627526132875935,0.0627535708955319,9.57607938459337e-07,"probability_change"
"dolphin_presence","MFC",0.185768459865746,0.334151870412091,0.158951946356174,0.0263191871233783,-0.132632759232795,"probability_change"
"dolphin_presence","NBPEAKS",3,12,0.0698629885165095,0.0505155305503223,-0.0193474579661871,"probability_change"
"dolphin_presence","NDSI",-0.11416973365784,0.956543507319399,0.0603413738253388,0.0634463893739312,0.00310501554859231,"probability_change"
"dolphin_presence","RAOQ",0.269469466984642,0.520361786104763,0.0673096222513904,0.0652395314626426,-0.00207009078874777,"probability_change"
"dolphin_presence","ROU",0.160899286836818,6.67024958577381,0.062752815289147,0.0627529800608027,1.64771655736251e-07,"probability_change"
"dolphin_presence","SKEWf",1.35571189359991,5.06265426591657,0.0627520326800224,0.0627554616136542,3.42893363183827e-06,"probability_change"
"dolphin_presence","SKEWt",-17.393480807,6.87048584084201,0.0615950679213709,0.0633187286509585,0.00172366072958765,"probability_change"
"dolphin_presence","SNRf",8.20054616507026,21.8927993560336,0.0707586411853126,0.0677103748339663,-0.00304826635134633,"probability_change"
"dolphin_presence","SNRt",8.15966564064176,23.1049447285482,0.0832365550828599,0.0771580647240427,-0.00607849035881719,"probability_change"
"dolphin_presence","TFSD",0.358764155365741,0.379828684845327,0.0819899622587997,0.0516834311537696,-0.0303065311050301,"probability_change"
"dolphin_presence","VARf",2.50815754060776e-09,2.0570284083078e-07,0.0627528335285852,0.0627528676595898,3.4131004578164e-08,"probability_change"
"dolphin_presence","VARt",3.24254687376255e-06,0.00017551966887223,0.0626914170076417,0.0633313439961693,0.000639926988527578,"probability_change"
"dolphin_presence","ZCR",2499.05859540449,19060.7827872184,0.054758350025655,0.0751317750837981,0.0203734250581431,"probability_change"
"dolphin_presence","aROI",0.933021384844474,3.19944831651224,0.039899342597248,0.0654717038189479,0.0255723612216998,"probability_change"
"dolphin_presence","nROI",94.2860871683802,454.665784254768,0.046114921715409,0.0734171604735728,0.0273022387581638,"probability_change"
"dolphin_presence","rBA",0.442915133279346,0.978271753827079,0.0603413737982581,0.0634463893836922,0.0031050155854341,"probability_change"
"vessel_presence","ACI",374.141179456072,423.811072726842,0.422450747586085,0.422449180771494,-1.56681459051455e-06,"probability_change"
"vessel_presence","ACTspCount",6273.5513672,11725.4570345,0.422449675308644,0.422449688356185,1.30475414916731e-08,"probability_change"
"vessel_presence","ACTspFract",0.166058854856056,0.310410344970218,0.745473181866753,0.0793632695621642,-0.666109912304589,"probability_change"
"vessel_presence","ACTspMean",16.8652033808444,27.3708574747859,0.463281353517239,0.481788354984037,0.0185070014667984,"probability_change"
"vessel_presence","ACTtCount",4657.55,7336.95,0.269660238327444,0.637838020440459,0.368177782113014,"probability_change"
"vessel_presence","ACTtFraction",0.246561308767471,0.388419962841699,0.422414414493871,0.4224973531194,8.29386255287723e-05,"probability_change"
"vessel_presence","ACTtMean",13.0757915265561,28.1375689202539,0.227263608446387,0.653286022574856,0.426022414128469,"probability_change"
"vessel_presence","ADI",2.86173038373771,3.4445453324186,0.499241211689005,0.397304028062186,-0.101937183626819,"probability_change"
"vessel_presence","AEI",0.361218508834447,0.610515441474551,0.440467910232523,0.42041114885747,-0.0200567613750532,"probability_change"
"vessel_presence","AGI",1.8627321633047,3.81852058950753,0.480975866639295,0.393666907938629,-0.0873089587006666,"probability_change"
"vessel_presence","AnthroEnergy",0.00221776455,1.47863752500028,0.422450038827454,0.422450500715866,4.61888412572886e-07,"probability_change"
"vessel_presence","BGNf",-75.3727955315,-53.057688791,0.601677123272968,0.331378199465279,-0.270298923807689,"probability_change"
"vessel_presence","BGNt",-58.38289929,-36.92848247,0.422451096204678,0.422451031608048,-6.45966306556112e-08,"probability_change"
"vessel_presence","BI",1.00300322917475,50.3402830018668,0.46943293219584,0.319865821813796,-0.149567110382043,"probability_change"
"vessel_presence","BioEnergy",0.0435448963903054,1.34279869638093,0.424751925021982,0.408558570297462,-0.0161933547245194,"probability_change"
"vessel_presence","EAS",0.0173078479075664,0.126341032047203,0.454060041753317,0.391398048685169,-0.0626619930681477,"probability_change"
"vessel_presence","ECU",0.119010378179637,0.486938694802412,0.422451466376857,0.422450059495606,-1.40688125022104e-06,"probability_change"
"vessel_presence","ECV",0.058813288551181,0.273029245428403,0.422447830825607,0.422453357681708,5.52685610166748e-06,"probability_change"
"vessel_presence","ENRf",-58.4050052,-41.5994454975,0.422444931161079,0.422454654241338,9.72308025848356e-06,"probability_change"
"vessel_presence","EPS",0.0150414280175312,0.0546902083625121,0.268949662420228,0.676043155854412,0.407093493434185,"probability_change"
"vessel_presence","EPS_KURT",11.8939564726814,91.6877168014201,0.422456309472367,0.422428343775859,-2.7965696507315e-05,"probability_change"
"vessel_presence","EPS_SKEW",1.20142694520092,6.90355014571539,0.520183881082207,0.187177677456493,-0.333006203625714,"probability_change"
"vessel_presence","EVNspCount",1.78306252109285,7.32486550554321,0.422448119620591,0.422446810131793,-1.30948879845105e-06,"probability_change"
"vessel_presence","EVNspFract",0.0319905691667769,0.142288136811615,0.457797703607853,0.364122382771694,-0.0936753208361589,"probability_change"
"vessel_presence","EVNspMean",0.0161957407839827,0.0206446862160272,0.330506582123548,0.509514488501018,0.17900790637747,"probability_change"
"vessel_presence","EVNtCount",3.18961124053582,7.36700508283733,0.630885680823273,0.223975042499585,-0.406910638323688,"probability_change"
"vessel_presence","EVNtFraction",0.100990046542164,0.26792143157662,0.422451349205003,0.422448757741609,-2.59146339326444e-06,"probability_change"
"vessel_presence","EVNtMean",0.0250574730966851,0.0534903509956679,0.496150176257287,0.288441420181294,-0.207708756075993,"probability_change"
"vessel_presence","HFC",0.17570809994996,0.320467648873862,0.0365516702665073,0.971508699022726,0.934957028756219,"probability_change"
"vessel_presence","H_GiniSimpson",0.888826269415579,0.986783872980978,0.795760929386854,0.392834633914658,-0.402926295472196,"probability_change"
"vessel_presence","H_Havrda",0.324405879171458,0.333245192381795,0.422449874566403,0.422450049613937,1.75047534689554e-07,"probability_change"
"vessel_presence","H_Renyi",2.20073139497055,4.13363297522353,0.422458221748969,0.422450922130103,-7.29961886608566e-06,"probability_change"
"vessel_presence","H_gamma",5269.3843130211,11721.757483518,0.422452009432399,0.422449970360832,-2.03907156731686e-06,"probability_change"
"vessel_presence","H_pairedShannon",4.22023839651303,5.72678410252557,0.422344914120698,0.422469793970441,0.00012487984974352,"probability_change"
"vessel_presence","Hf",0.592258016593317,0.853651807937429,0.0127905939721095,0.615898464081032,0.603107870108923,"probability_change"
"vessel_presence","Ht",0.45077843181026,0.76888240270376,0.455644439044608,0.460714772891917,0.00507033384730876,"probability_change"
"vessel_presence","KURTf",4.11257945195924,39.3257633977843,0.422448672068892,0.422460514327405,1.18422585127509e-05,"probability_change"
"vessel_presence","KURTt",90.2143636285643,15861.3166140619,0.422448697655463,0.422457042230597,8.34457513426701e-06,"probability_change"
"vessel_presence","LEQf",201.118738688685,218.140390983673,0.422444275273248,0.422454856367019,1.0581093771167e-05,"probability_change"
"vessel_presence","LEQt",53.7103892317177,69.9405961685669,0.422449748993197,0.422450590739704,8.41746506496932e-07,"probability_change"
"vessel_presence","LFC",0.176339432903298,0.304280229102748,0.218678955257105,0.592542300919109,0.373863345662004,"probability_change"
"vessel_presence","MEANf",5.64233822990009e-05,0.00035085035,0.422449731620943,0.422450658173507,9.26552564339822e-07,"probability_change"
"vessel_presence","MEANt",-3.38877358079622e-19,3.30065055410646e-19,0.422449979581008,0.42245012655553,1.46974522885479e-07,"probability_change"
"vessel_presence","MED",0.00123364125,0.0150006368377952,0.422452045603396,0.422443469195257,-8.5764081387274e-06,"probability_change"
"vessel_presence","MFC",0.185768459865746,0.334151870412091,0.47307548439927,0.132857486833659,-0.340217997565611,"probability_change"
"vessel_presence","NBPEAKS",3,12,0.422449329021709,0.422451357826527,2.02880481847689e-06,"probability_change"
"vessel_presence","NDSI",-0.11416973365784,0.956543507319399,0.33474239843934,0.448282048859551,0.113539650420211,"probability_change"
"vessel_presence","RAOQ",0.269469466984642,0.520361786104763,0.658737800045588,0.313579155134732,-0.345158644910856,"probability_change"
"vessel_presence","ROU",0.160899286836818,6.67024958577381,0.422450045244425,0.422450051736058,6.49163378607653e-09,"probability_change"
"vessel_presence","SKEWf",1.35571189359991,5.06265426591657,0.289462434418701,0.81683251606106,0.527370081642359,"probability_change"
"vessel_presence","SKEWt",-17.393480807,6.87048584084201,0.422447821338375,0.422451406294981,3.5849566052959e-06,"probability_change"
"vessel_presence","SNRf",8.20054616507026,21.8927993560336,0.563706395571784,0.213507921267297,-0.350198474304488,"probability_change"
"vessel_presence","SNRt",8.15966564064176,23.1049447285482,0.422417135983939,0.422485544512214,6.84085282750546e-05,"probability_change"
"vessel_presence","TFSD",0.358764155365741,0.379828684845327,0.458117314652544,0.39485405925168,-0.063263255400864,"probability_change"
"vessel_presence","VARf",2.50815754060776e-09,2.0570284083078e-07,0.42245002611448,0.422450300842771,2.74728291616011e-07,"probability_change"
"vessel_presence","VARt",3.24254687376255e-06,0.00017551966887223,0.423739528231006,0.410415406004328,-0.0133241222266788,"probability_change"
"vessel_presence","ZCR",2499.05859540449,19060.7827872184,0.587493784296841,0.310350382273709,-0.277143402023132,"probability_change"
"vessel_presence","aROI",0.933021384844474,3.19944831651224,0.889269192732908,0.0697576559128583,-0.81951153682005,"probability_change"
"vessel_presence","nROI",94.2860871683802,454.665784254768,0.093671879147257,0.856021854819161,0.762349975671905,"probability_change"
"vessel_presence","rBA",0.442915133279346,0.978271753827079,0.334742212023405,0.448282107099287,0.113539895075881,"probability_change"
